fid,objtype,lokalid,navnerom,versjonid,datafangstdato,oppdateringsdato,datauttaksdato,opphav,kommunenummer,navn,HubName,HubDist
"1",Kommune,dadfaa2a-7413-4fb4-a6f5-aa3b5dbf0507,https://data.geonorge.no/sosi/administrativeenheter,"4.2",,"20200207000000",,,"4636",,"331",36.7566836735314
"2",Kommune,5b6fe7ff-260e-4a9e-b203-b83a71eb0a56,https://data.geonorge.no/sosi/administrativeenheter,"4.2",,"20200207000000",,,"3019",,"23",3.89581623231855
"3",Kommune,ffd39f1e-f20e-4559-80c9-42b911aac29b,https://data.geonorge.no/sosi/administrativeenheter,"4.2",,"20200207000000",,,"3032",,"197",6.85591253905306
"4",Kommune,e4f877ca-9330-4830-85d8-d116a738be2a,https://data.geonorge.no/sosi/administrativeenheter,"4.2",,"20000630000000",,,"3043",,"383",30.099389217366
"5",Kommune,5c57c0a1-e908-4088-aa8f-cb7f9ab0200a,https://data.geonorge.no/sosi/administrativeenheter,"4.2",,"20200207000000",,,"4218",,"388",18.4685499798914
"6",Kommune,d0978550-67a8-4af7-9c21-1ca80f6bdbfa,https://data.geonorge.no/sosi/administrativeenheter,"4.2",,"20000630000000",,,"3820",,"402",34.7438073819115
"7",Kommune,0eb906fa-62e4-42e2-b0b6-26177b4009d4,https://data.geonorge.no/sosi/administrativeenheter,"4.2",,"20200207000000",,,"3801",,"323",3.54681382718506
"8",Kommune,6d39c208-6c56-4a41-9295-c1078927ac6b,https://data.geonorge.no/sosi/administrativeenheter,"4.2",,"20200207000000",,,"3435",,"319",42.1327760420779
"9",Kommune,0930dfed-de16-48c3-aaa5-0dd56cb2661b,https://data.geonorge.no/sosi/administrativeenheter,"4.2",,"20030701000000",,,"3416",,"362",30.3056093183951
"10",Kommune,25c2b192-c6b5-4d2c-ba4e-08ab31b4432d,https://data.geonorge.no/sosi/administrativeenheter,"4.2",,"20200207000000",,,"4212",,"221",30.6298628006001
"11",Kommune,0f682c0f-c483-4ebf-9dd9-32c75b4caaa1,https://data.geonorge.no/sosi/administrativeenheter,"4.2",,"20200207000000",,,"4211",,"221",17.6643352968075
"12",Kommune,b4732779-db16-478c-b95d-0e0f1d470ba6,https://data.geonorge.no/sosi/administrativeenheter,"4.2",,"20200207000000",,,"3425",,"264",69.610595536901
"13",Kommune,e05680be-2c9d-4aac-9cb7-a65cba8a532f,https://data.geonorge.no/sosi/administrativeenheter,"4.2",,"20200207000000",,,"3031",,"144",4.38474961818969
"14",Kommune,4073df8a-38ee-4d9e-906d-b5758778013e,https://data.geonorge.no/sosi/administrativeenheter,"4.2",,"20200207000000",,,"3454",,"403",51.8003445474524
"15",Kommune,c8cf8dce-0b85-45a2-968c-a17942dd64b4,https://data.geonorge.no/sosi/administrativeenheter,"4.2",,"20200207000000",,,"3415",,"307",19.422035948939
"16",Kommune,cbc345bd-70cc-4131-85b5-534428553212,https://data.geonorge.no/sosi/administrativeenheter,"4.2",,"20200207000000",,,"3432",,"354",53.7391761412044
"17",Kommune,a850598b-bdbf-4d9c-b19a-a0bded54b92a,https://data.geonorge.no/sosi/administrativeenheter,"4.2",,"20200207000000",,,"4228",,"378",57.4371789301699
"18",Kommune,82d4c807-e1cd-4941-9015-8c0d7960ced5,https://data.geonorge.no/sosi/administrativeenheter,"4.2",,"20000630000000",,,"3819",,"402",38.1576285737636
"19",Kommune,1ca0f13d-e85d-44fe-897d-82b3dd555c1a,https://data.geonorge.no/sosi/administrativeenheter,"4.2",,"20200207000000",,,"3033",,"22",1.56496828505452
"20",Kommune,fa62d974-11c6-438b-a9af-786cd76f3474,https://data.geonorge.no/sosi/administrativeenheter,"4.2",,"20000630000000",,,"3051",,"395",27.3540822155259
"21",Kommune,17a11e84-eb13-4aaa-8298-d4a0c848a837,https://data.geonorge.no/sosi/administrativeenheter,"4.2",,"20200207000000",,,"3414",,"286",3.51680685889028
"22",Kommune,8d31abbc-48e2-462f-aceb-45c757ee552a,https://data.geonorge.no/sosi/administrativeenheter,"4.2",,"20000630000000",,,"3041",,"383",6.03583353608127
"23",Kommune,4fa5acd2-865e-432f-9b22-a1c77c40fb10,https://data.geonorge.no/sosi/administrativeenheter,"4.2",,"20000630000000",,,"3050",,"279",25.0256989246549
"24",Kommune,af40bc87-d843-4118-8fae-d79e8a39ec3b,https://data.geonorge.no/sosi/administrativeenheter,"4.2",,"20200207000000",,,"3439",,"320",29.6856757449851
"25",Kommune,62099986-00d2-40d1-91d2-27c4403a1889,https://data.geonorge.no/sosi/administrativeenheter,"4.2",,"20200207000000",,,"3029",,"112",3.1323282070718
"26",Kommune,6b6b547f-cb7a-4ee4-877c-527a15436b5d,https://data.geonorge.no/sosi/administrativeenheter,"4.2",,"20200207000000",,,"3437",,"319",24.0296775508385
"27",Kommune,05ca13f5-6ac0-45c2-a90b-d6e6cd0c97ab,https://data.geonorge.no/sosi/administrativeenheter,"4.2",,"20000630000000",,,"3042",,"383",34.6770831894642
"28",Kommune,3509e7d4-20e1-45d0-95aa-96cdbcc89928,https://data.geonorge.no/sosi/administrativeenheter,"4.2",,"20200207000000",,,"3438",,"320",5.99187228164299
"29",Kommune,4bf79306-89f1-4b09-a566-f246932e74f1,https://data.geonorge.no/sosi/administrativeenheter,"4.2",,"20200207000000",,,"3431",,"319",55.6846033970868
"30",Kommune,e204d602-bd11-4323-8651-5f7e103a7cd9,https://data.geonorge.no/sosi/administrativeenheter,"4.2",,"20200207000000",,,"4227",,"314",30.529527362702
"31",Kommune,0ba35d78-bc81-4eb9-829d-2f6f77723754,https://data.geonorge.no/sosi/administrativeenheter,"4.2",,"20200207000000",,,"3035",,"357",12.7334219872823
"32",Kommune,3eb0d321-8929-4ee2-a7f4-d92e06cd15d7,https://data.geonorge.no/sosi/administrativeenheter,"4.2",,"20200207000000",,,"3418",,"286",38.2800689677324
"33",Kommune,00c8db8e-e381-4515-81ce-d6dca496c443,https://data.geonorge.no/sosi/administrativeenheter,"4.2",,"20200207000000",,,"4216",,"388",26.6370974042669
"34",Kommune,f25a6be2-d809-4eb4-806b-d2fab4c9ca09,https://data.geonorge.no/sosi/administrativeenheter,"4.2",,"20200207000000",,,"4201",,"221",18.6409113939193
"35",Kommune,b9fe496b-8cbf-4c7e-bf49-8392a8f54fb6,https://data.geonorge.no/sosi/administrativeenheter,"4.2",,"20190301000000",,,"4631",,"284",9.57299427652946
"36",Kommune,b9fe496b-8cbf-4c7e-bf49-8392a8f54fb6,https://data.geonorge.no/sosi/administrativeenheter,"4.2",,"20190301000000",,,"4631",,"332",10.8686022920477
"37",Kommune,b9fe496b-8cbf-4c7e-bf49-8392a8f54fb6,https://data.geonorge.no/sosi/administrativeenheter,"4.2",,"20190301000000",,,"4631",,"332",12.67658230111
"38",Kommune,7fc5dd85-a0e9-48cd-9188-e716c23c5263,https://data.geonorge.no/sosi/administrativeenheter,"4.2",,"20200207000000",,,"1845",,"342",31.9036002298088
"39",Kommune,ea27c7d3-cf73-4a79-b1b7-75abd0b3cf20,https://data.geonorge.no/sosi/administrativeenheter,"4.2",,"20200207000000",,,"1871",,"419",30.9521865090446
"40",Kommune,64df7598-63d0-4d44-81c6-f5a0780bd9d4,https://data.geonorge.no/sosi/administrativeenheter,"4.2",,"20200207000000",,,"4613",,"343",5.13773594691547
"41",Kommune,e320f269-23c2-4ae8-922e-b92fe684e96c,https://data.geonorge.no/sosi/administrativeenheter,"4.2",,"20200207000000",,,"1101",,"394",9.30098637722126
"42",Kommune,1cabf42b-692c-413e-ac59-fa810cef7d1f,https://data.geonorge.no/sosi/administrativeenheter,"4.2",,"20200207000000",,,"4630",,"326",12.3311440644848
"43",Kommune,e1064c65-a858-4dcb-9e43-fd2393261909,https://data.geonorge.no/sosi/administrativeenheter,"4.2",,"20000630000000",,,"4620",,"413",39.7159616746484
"44",Kommune,6756c184-c5d6-4e90-aed1-eb4bc61f387d,https://data.geonorge.no/sosi/administrativeenheter,"4.2",,"20200207000000",,,"5413",,"199",24.8136806145448
"45",Kommune,e7c86115-3d9e-43e6-82fb-c2c05f4c215e,https://data.geonorge.no/sosi/administrativeenheter,"4.2",,"20200207000000",,,"4643",,"356",30.3672927648536
"46",Kommune,92291601-dbeb-432a-b640-eb31d0ac6ff0,https://data.geonorge.no/sosi/administrativeenheter,"4.2",,"20200207000000",,,"5041",,"274",32.6705748692063
"47",Kommune,970cfdc1-1760-4e05-995a-c889068cac44,https://data.geonorge.no/sosi/administrativeenheter,"4.2",,"20060101000000",,,"1576",,"406",29.9366468669288
"48",Kommune,7edb0a10-2bd0-4351-a78d-ba2d1c23728e,https://data.geonorge.no/sosi/administrativeenheter,"4.2",,"20000630000000",,,"3824",,"402",65.875123637669
"49",Kommune,b69eddc8-cbd7-44df-a80c-a1cf6601e521,https://data.geonorge.no/sosi/administrativeenheter,"4.2",,"20200207000000",,,"4214",,"239",23.7023606357241
"50",Kommune,8e2e4d7c-17ba-46d1-ae77-f5cd29ed16ca,https://data.geonorge.no/sosi/administrativeenheter,"4.2",,"20200207000000",,,"1531",,"309",6.07312992927123
"51",Kommune,f946e9a0-2bda-46e6-89d3-c696d4be79d5,https://data.geonorge.no/sosi/administrativeenheter,"4.2",,"20200207000000",,,"4616",,"398",5.49741258226417
"52",Kommune,6a2d3b05-202e-4f35-bb90-340c95610edb,https://data.geonorge.no/sosi/administrativeenheter,"4.2",,"20200207000000",,,"4642",,"412",40.6165820396376
"53",Kommune,1c05aa4d-4c4d-4869-af88-406b25842381,https://data.geonorge.no/sosi/administrativeenheter,"4.2",,"20200207000000",,,"5042",,"274",64.2351851449424
"54",Kommune,718c439f-412f-4d29-9ae5-63649a33d1eb,https://data.geonorge.no/sosi/administrativeenheter,"4.2",,"20200207000000",,,"1804",,"376",12.5514984483405
"55",Kommune,9b992a9e-edf4-413f-afb1-85ca757fc457,https://data.geonorge.no/sosi/administrativeenheter,"4.2",,"20200207000000",,,"4615",,"401",14.4151775822674
"56",Kommune,e15ec547-2b87-4765-8301-13230485dfa6,https://data.geonorge.no/sosi/administrativeenheter,"4.2",,"20200207000000",,,"1832",,"338",33.7918195214556
"57",Kommune,0c43df46-5632-4137-9d16-5f91d1a3926c,https://data.geonorge.no/sosi/administrativeenheter,"4.2",,"20200207000000",,,"5417",,"365",31.8047984896093
"58",Kommune,f97a23b9-4d66-4796-9aee-f9e06d5eb9ca,https://data.geonorge.no/sosi/administrativeenheter,"4.2",,"20200207000000",,,"1816",,"251",29.4285410754525
"59",Kommune,cb8b5dc4-2e75-476d-988f-9f4b1307d8f0,https://data.geonorge.no/sosi/administrativeenheter,"4.2",,"20200207000000",,,"5411",,"199",25.5060224319917
"60",Kommune,6aa031bd-5108-498f-bf09-0f113b5afe50,https://data.geonorge.no/sosi/administrativeenheter,"4.2",,"20200207000000",,,"4623",,"326",9.14024057913063
"61",Kommune,88471efb-83cb-4382-b5b5-6c7bde18163f,https://data.geonorge.no/sosi/administrativeenheter,"4.2",,"20200207000000",,,"1528",,"276",20.5398827358769
"62",Kommune,3d4c47ef-da17-4fb3-ba70-fc5f7b91b2e5,https://data.geonorge.no/sosi/administrativeenheter,"4.2",,"20200207000000",,,"1874",,"217",36.290759710603
"63",Kommune,42ec0811-e0e3-42bb-9645-293057222601,https://data.geonorge.no/sosi/administrativeenheter,"4.2",,"20200207000000",,,"3024",,"148",0.346345016111717
"64",Kommune,2bdfc1fd-8d82-4680-8230-6deed0161941,https://data.geonorge.no/sosi/administrativeenheter,"4.2",,"20200207000000",,,"4627",,"263",6.84582503578544
"65",Kommune,0e48ed51-ce27-45c0-b7bc-76ff37405c6a,https://data.geonorge.no/sosi/administrativeenheter,"4.2",,"20200207000000",,,"1121",,"301",7.71088750467426
"66",Kommune,37ef1fcd-1a99-4f6c-bee4-41c70b8fc1cb,https://data.geonorge.no/sosi/administrativeenheter,"4.2",,"20200207000000",,,"1146",,"411",9.46126300464658
"67",Kommune,9d37c2e1-9376-4b36-b56c-4116384e18d1,https://data.geonorge.no/sosi/administrativeenheter,"4.2",,"20200207000000",,,"1144",,"268",17.7669240140193
"68",Kommune,fe5f31c2-8d83-4290-89ae-7a28632dd057,https://data.geonorge.no/sosi/administrativeenheter,"4.2",,"20200207000000",,,"1135",,"334",37.5690075250502
"69",Kommune,f18707e6-8ce4-4b0b-b614-501ebb1692eb,https://data.geonorge.no/sosi/administrativeenheter,"4.2",,"20200207000000",,,"1851",,"236",51.4201941949305
"70",Kommune,602ba259-f046-428c-ab57-ce0428bd5bb4,https://data.geonorge.no/sosi/administrativeenheter,"4.2",,"20000630000000",,,"4601",,"218",1.86220870924545
"71",Kommune,728b21bc-5980-4fbd-bf23-86d22b0f8b68,https://data.geonorge.no/sosi/administrativeenheter,"4.2",,"20200207000000",,,"5427",,"223",75.4597214756781
"72",Kommune,8fd2c6df-babc-4a49-ac5b-afdd390518d5,https://data.geonorge.no/sosi/administrativeenheter,"4.2",,"20200207000000",,,"1860",,"217",9.70087279923964
"73",Kommune,5aad93ea-c518-4c26-8a75-d99d1c4322cc,https://data.geonorge.no/sosi/administrativeenheter,"4.2",,"20200207000000",,,"1856",,"217",98.3735481358211
"74",Kommune,44af1277-ae62-491c-9918-23fba520b954,https://data.geonorge.no/sosi/administrativeenheter,"4.2",,"20200207000000",,,"3417",,"286",32.2811896799966
"75",Kommune,4ccbb9f7-560e-4d5e-9dce-13be03868c75,https://data.geonorge.no/sosi/administrativeenheter,"4.2",,"20200207000000",,,"3053",,"423",14.6864896633189
"76",Kommune,7ff82dc8-0271-4e0f-a758-cee0292b8ceb,https://data.geonorge.no/sosi/administrativeenheter,"4.2",,"20200207000000",,,"3449",,"391",16.5899699939855
"77",Kommune,4df569ef-5dfd-4534-b057-7caf2fe8d49d,https://data.geonorge.no/sosi/administrativeenheter,"4.2",,"20200207000000",,,"3013",,"361",18.8784400092486
"78",Kommune,1796b772-f145-4c22-a613-47b0be9a85c9,https://data.geonorge.no/sosi/administrativeenheter,"4.2",,"20000630000000",,,"3806",,"375",6.53032318497088
"79",Kommune,c407bca0-3d6a-4bcd-8423-fa46adf31267,https://data.geonorge.no/sosi/administrativeenheter,"4.2",,"20000630000000",,,"3822",,"221",46.5352248538964
"80",Kommune,3cd9325d-771b-427b-a4c0-85068ee74cbb,https://data.geonorge.no/sosi/administrativeenheter,"4.2",,"20200207000000",,,"3420",,"329",12.4870248142566
"81",Kommune,ab1646a5-afb3-4c8b-8045-ce233ec8c039,https://data.geonorge.no/sosi/administrativeenheter,"4.2",,"20050701000000",,,"3430",,"264",33.4624262639963
"82",Kommune,d4000778-bb1d-4f8c-a0d2-7788d5dda5c3,https://data.geonorge.no/sosi/administrativeenheter,"4.2",,"20000630000000",,,"3052",,"395",50.3696951218996
"83",Kommune,600326ee-11ae-4d9d-bbaf-2ab459540995,https://data.geonorge.no/sosi/administrativeenheter,"4.2",,"20200207000000",,,"3441",,"320",35.8134002651221
"84",Kommune,0db85919-28bf-4d3c-8972-130b0fb5376e,https://data.geonorge.no/sosi/administrativeenheter,"4.2",,"20000630000000",,,"3039",,"324",2.95507677652035
"85",Kommune,3ff12043-3562-45a7-ad3a-093ae2b53999,https://data.geonorge.no/sosi/administrativeenheter,"4.2",,"20200207000000",,,"1517",,"337",7.17410141305758
"86",Kommune,f630dc4c-6297-4a96-a93f-40e30422c131,https://data.geonorge.no/sosi/administrativeenheter,"4.2",,"20200207000000",,,"3412",,"328",8.34297691499665
"87",Kommune,3e4c0835-3425-4f81-8cee-b047d5c559d4,https://data.geonorge.no/sosi/administrativeenheter,"4.2",,"20200207000000",,,"1535",,"62",20.5778274850868
"88",Kommune,ec2a87f2-8dfa-4fb1-af0b-a9fc64979f14,https://data.geonorge.no/sosi/administrativeenheter,"4.2",,"20200207000000",,,"4206",,"246",4.58331750861589
"89",Kommune,d5f5bcef-38b4-4bb5-93b8-cb68bf34746b,https://data.geonorge.no/sosi/administrativeenheter,"4.2",,"20200207000000",,,"4648",,"399",16.700041894242
"90",Kommune,d524ccd1-48fd-435d-ab78-75bc0c7bc2a7,https://data.geonorge.no/sosi/administrativeenheter,"4.2",,"20200207000000",,,"1532",,"278",7.63272484405512
"91",Kommune,031025af-21ad-4f36-976d-7ab8f31c8910,https://data.geonorge.no/sosi/administrativeenheter,"4.2",,"20200207000000",,,"3440",,"189",23.3137287166538
"92",Kommune,4dec3cc9-e515-4fa9-ba7f-9387e1c8800c,https://data.geonorge.no/sosi/administrativeenheter,"4.2",,"20200207000000",,,"1818",,"363",19.6544740696503
"93",Kommune,1ab3cedd-013f-487a-9e8c-9a7f2c6f5354,https://data.geonorge.no/sosi/administrativeenheter,"4.2",,"20200207000000",,,"1515",,"337",9.82232194282584
"94",Kommune,b7367e0d-2972-4d9c-93a5-431a10122ac3,https://data.geonorge.no/sosi/administrativeenheter,"4.2",,"20200207000000",,,"5434",,"238",44.9548950951849
"95",Kommune,8bbe531e-9251-425a-aff7-06395d4e3e52,https://data.geonorge.no/sosi/administrativeenheter,"4.2",,"20200207000000",,,"4213",,"350",19.9656307762017
"96",Kommune,f312a830-5884-4741-8b23-7e1352a1a113,https://data.geonorge.no/sosi/administrativeenheter,"4.2",,"20200207000000",,,"5049",,"352",52.4606355820865
"97",Kommune,502e2b5d-2bf1-4dd6-a48f-0692e729f364,https://data.geonorge.no/sosi/administrativeenheter,"4.2",,"20200207000000",,,"5020",,"201",40.5312704392974
"98",Kommune,2f058caf-4db8-454d-84df-ef7d633c5ed6,https://data.geonorge.no/sosi/administrativeenheter,"4.2",,"20200207000000",,,"3405",,"189",3.51031864159413
"99",Kommune,e5aeee32-1cd2-4dc5-81d1-4a62460be55d,https://data.geonorge.no/sosi/administrativeenheter,"4.2",,"20200207000000",,,"5052",,"251",48.8338683508327
"100",Kommune,acbef55a-a616-4845-ab4f-a5a9ea6b0e98,https://data.geonorge.no/sosi/administrativeenheter,"4.2",,"20200207000000",,,"5437",,"358",72.1048399149393
"101",Kommune,97e07234-6c9b-4b9f-a685-3a016d39b302,https://data.geonorge.no/sosi/administrativeenheter,"4.2",,"20200207000000",,,"5415",,"160",35.3297149467874
"102",Kommune,3622cd40-32ca-45e5-9457-68f459f22fed,https://data.geonorge.no/sosi/administrativeenheter,"4.2",,"20200207000000",,,"5043",,"274",79.7296521154757
"103",Kommune,b45137f4-e95c-42aa-85a4-cd5311be2279,https://data.geonorge.no/sosi/administrativeenheter,"4.2",,"20200207000000",,,"5034",,"240",45.6573870819156
"104",Kommune,4e8f0138-2f58-473c-91fe-813ea0bfcc6a,https://data.geonorge.no/sosi/administrativeenheter,"4.2",,"20200207000000",,,"5027",,"169",51.8704163004216
"105",Kommune,eb193bc4-8fe7-475e-80e1-596559a90945,https://data.geonorge.no/sosi/administrativeenheter,"4.2",,"20190304000000",,,"5058",,"201",8.3430129503158
"106",Kommune,eb193bc4-8fe7-475e-80e1-596559a90945,https://data.geonorge.no/sosi/administrativeenheter,"4.2",,"20190304000000",,,"5058",,"201",23.6614379695431
"107",Kommune,5b5f81f4-5cc8-48a0-ae54-276032124929,https://data.geonorge.no/sosi/administrativeenheter,"4.2",,"20200207000000",,,"5061",,"322",30.817601321078
"108",Kommune,287b1925-357d-49b5-93e4-e57f1c6c48b4,https://data.geonorge.no/sosi/administrativeenheter,"4.2",,"20200207000000",,,"1825",,"235",50.6081659785071
"109",Kommune,6f4737c7-908c-4c1a-918b-8e1a5b20ef6b,https://data.geonorge.no/sosi/administrativeenheter,"4.2",,"20200207000000",,,"4637",,"373",20.9195854663987
"110",Kommune,4e93a0d0-eeda-47e1-83f4-cbc9103b6371,https://data.geonorge.no/sosi/administrativeenheter,"4.2",,"20200207000000",,,"5046",,"274",31.1796721750732
"111",Kommune,81fcfb11-829c-4676-93e6-69d4ba3b4fe1,https://data.geonorge.no/sosi/administrativeenheter,"4.2",,"20200207000000",,,"1826",,"235",57.4141494373203
"112",Kommune,5c28ff58-9e10-493a-a12c-df15d41cebd4,https://data.geonorge.no/sosi/administrativeenheter,"4.2",,"20200207000000",,,"1122",,"378",26.5620027125199
"113",Kommune,b3e95560-b2c2-4f41-b51e-9c90b487fec0,https://data.geonorge.no/sosi/administrativeenheter,"4.2",,"20200207000000",,,"1114",,"394",25.4144830285279
"114",Kommune,8391ebe6-293c-4709-a0c5-a15824b58fdd,https://data.geonorge.no/sosi/administrativeenheter,"4.2",,"20200207000000",,,"5441",,"256",21.2990597807174
"115",Kommune,5bdc379c-ef04-496f-a65f-9a6ca5cb66e4,https://data.geonorge.no/sosi/administrativeenheter,"4.2",,"20200207000000",,,"1834",,"363",46.1244347492804
"116",Kommune,1d284acf-fc2c-4a5c-ae34-4e5afe0bec77,https://data.geonorge.no/sosi/administrativeenheter,"4.2",,"20200207000000",,,"4646",,"373",9.05677467288774
"117",Kommune,c380ea63-1619-400b-8d47-dede3749f5b8,https://data.geonorge.no/sosi/administrativeenheter,"4.2",,"20200207000000",,,"4622",,"297",1.99228326709076
"118",Kommune,753d80fa-0806-4a1d-820d-a15e197c261d,https://data.geonorge.no/sosi/administrativeenheter,"4.2",,"20080101000000",,,"1505",,"289",3.70066636983136
"119",Kommune,198eef71-90ea-47f4-acd3-1e21b80e39a3,https://data.geonorge.no/sosi/administrativeenheter,"4.2",,"20200207000000",,,"1813",,"251",22.5973435868561
"120",Kommune,511c60a9-d307-4c31-ac25-781af6330c27,https://data.geonorge.no/sosi/administrativeenheter,"4.2",,"20190315000000","20211101000000","Matrikkelen, Kommunegrenser-SOSI (MAT0016)","4618",,"385",19.1466216152012
"121",Kommune,511c60a9-d307-4c31-ac25-781af6330c27,https://data.geonorge.no/sosi/administrativeenheter,"4.2",,"20190315000000","20211101000000","Matrikkelen, Kommunegrenser-SOSI (MAT0016)","4618",,"297",16.2221106799106
"122",Kommune,511c60a9-d307-4c31-ac25-781af6330c27,https://data.geonorge.no/sosi/administrativeenheter,"4.2",,"20190315000000","20211101000000","Matrikkelen, Kommunegrenser-SOSI (MAT0016)","4618",,"385",27.9472415616454
"123",Kommune,8a4368df-49d2-4860-ba79-95dec7a8f69d,https://data.geonorge.no/sosi/administrativeenheter,"4.2",,"20200207000000",,,"4645",,"373",12.9382523499713
"124",Kommune,6880c18a-f70c-4b08-bde5-7c0ac01acac3,https://data.geonorge.no/sosi/administrativeenheter,"4.2",,"20190304000000",,,"5006",,"294",13.736481849263
"125",Kommune,6880c18a-f70c-4b08-bde5-7c0ac01acac3,https://data.geonorge.no/sosi/administrativeenheter,"4.2",,"20190304000000",,,"5006",,"340",23.1618744038015
"126",Kommune,acb787f3-83a1-4deb-b2c2-4852a0d39a74,https://data.geonorge.no/sosi/administrativeenheter,"4.2",,"20200207000000",,,"1127",,"268",4.86622831276606
"127",Kommune,eba4a975-03b9-4257-ae9b-ab447574d180,https://data.geonorge.no/sosi/administrativeenheter,"4.2",,"20200207000000",,,"1520",,"154",13.3826836443948
"128",Kommune,09f76545-99bb-45f0-99e6-692a92f4081c,https://data.geonorge.no/sosi/administrativeenheter,"4.2",,"20190304000000",,,"5060",,"352",45.1436482022628
"129",Kommune,09f76545-99bb-45f0-99e6-692a92f4081c,https://data.geonorge.no/sosi/administrativeenheter,"4.2",,"20190304000000",,,"5060",,"352",64.5688258313014
"130",Kommune,54e5adae-5e1f-42df-bcfe-d23a55d2bcef,https://data.geonorge.no/sosi/administrativeenheter,"4.2",,"20190301000000",,,"4602",,"285",17.109298683857
"131",Kommune,8f8498b7-16fe-4793-a8f4-45c17d026f76,https://data.geonorge.no/sosi/administrativeenheter,"4.2",,"20190301000000",,,"4649",,"377",3.34258708750701
"132",Kommune,8f8498b7-16fe-4793-a8f4-45c17d026f76,https://data.geonorge.no/sosi/administrativeenheter,"4.2",,"20190301000000",,,"4649",,"399",18.9838137028713
"133",Kommune,164e6569-2171-4f1a-aead-0fdba4c089d7,https://data.geonorge.no/sosi/administrativeenheter,"4.2",,"20000630000000",,,"3808",,"402",28.2282376235121
"134",Kommune,ba889808-a24b-41b5-ab28-410804599e22,https://data.geonorge.no/sosi/administrativeenheter,"4.2",,"20200207000000",,,"1836",,"273",35.8429156702195
"135",Kommune,417e942c-90ff-4297-86bc-9ae97da886b7,https://data.geonorge.no/sosi/administrativeenheter,"4.2",,"20200207000000",,,"5054",,"16",25.536401495253
"136",Kommune,417e942c-90ff-4297-86bc-9ae97da886b7,https://data.geonorge.no/sosi/administrativeenheter,"4.2",,"20200207000000",,,"5054",,"291",13.5556813358842
"137",Kommune,59052a09-adad-48e8-9bae-0a20ffca79d1,https://data.geonorge.no/sosi/administrativeenheter,"4.2",,"20200207000000",,,"5025",,"264",59.5238903179687
"138",Kommune,a958447a-bec5-414e-adfd-5b2a5311e3dc,https://data.geonorge.no/sosi/administrativeenheter,"4.2",,"20200207000000",,,"5033",,"318",66.604257306644
"139",Kommune,c0cb164d-c3e4-4744-a925-49f48f46b3e9,https://data.geonorge.no/sosi/administrativeenheter,"4.2",,"20170103000000",,,"1841",,"353",18.6258209420993
"140",Kommune,0ef8e159-6830-4920-869a-83ffdd074340,https://data.geonorge.no/sosi/administrativeenheter,"4.2",,"20200207000000",,,"5442",,"256",23.8172056474068
"141",Kommune,88a5d065-bb43-4e0e-8d0b-bca963d062aa,https://data.geonorge.no/sosi/administrativeenheter,"4.2",,"20200207000000",,,"5443",,"256",73.7639688143994
"142",Kommune,1186aae1-e02e-4b65-81a3-cbde27cc46d1,https://data.geonorge.no/sosi/administrativeenheter,"4.2",,"20200207000000",,,"1812",,"251",16.8332098016843
"143",Kommune,75bac93e-de89-4bc1-a0d4-775cdcf8f423,https://data.geonorge.no/sosi/administrativeenheter,"4.2",,"20190318000000",,,"1547",,"298",14.4866052697336
"144",Kommune,eaeafecc-504c-4d2e-83f2-6d104d14b3a0,https://data.geonorge.no/sosi/administrativeenheter,"4.2",,"20170103000000",,,"3804",,"139",10.0072740209173
"145",Kommune,29cbae47-572b-4871-874e-931323ad34d1,https://data.geonorge.no/sosi/administrativeenheter,"4.2",,"20200207000000",,,"5035",,"318",15.1237738704647
"146",Kommune,a3c6c83a-5ef4-4e11-a0c3-e454c9f82766,https://data.geonorge.no/sosi/administrativeenheter,"4.2",,"20200207000000",,,"3452",,"403",23.003233107673
"147",Kommune,2e32159b-6a67-4baf-8cd9-0b3899f43d72,https://data.geonorge.no/sosi/administrativeenheter,"4.2",,"20000630000000",,,"3823",,"402",64.0782183117717
"148",Kommune,69955d74-46c1-4e31-a1d8-ccc5bb578701,https://data.geonorge.no/sosi/administrativeenheter,"4.2",,"20200207000000",,,"3407",,"410",15.5754944443263
"149",Kommune,afb7764a-6c5a-4a0a-94fe-e02d3390d5a4,https://data.geonorge.no/sosi/administrativeenheter,"4.2",,"20200207000000",,,"3028",,"159",5.59968654300781
"150",Kommune,9def2406-0c19-4e3e-aef1-089b0e69f926,https://data.geonorge.no/sosi/administrativeenheter,"4.2",,"20200207000000",,,"3429",,"150",40.8934760848301
"151",Kommune,2236475d-71c8-48c5-90d1-7055c065305a,https://data.geonorge.no/sosi/administrativeenheter,"4.2",,"20200207000000",,,"3054",,"423",24.1550887666892
"152",Kommune,0a511fd7-9fb7-4bff-8322-6b720461c34a,https://data.geonorge.no/sosi/administrativeenheter,"4.2",,"20000630000000",,,"3044",,"383",52.7992842495848
"153",Kommune,24d908d1-655e-4cfd-9f06-d94dae84b43a,https://data.geonorge.no/sosi/administrativeenheter,"4.2",,"20200207000000",,,"4223",,"232",22.4460002750871
"154",Kommune,41fc71df-b2ed-4fde-9b4b-1f2aeba338d3,https://data.geonorge.no/sosi/administrativeenheter,"4.2",,"20200207000000",,,"4224",,"387",26.7084098357982
"155",Kommune,6fa0e284-ac3b-4ffc-8073-a6c95b339d73,https://data.geonorge.no/sosi/administrativeenheter,"4.2",,"20200207000000",,,"3450",,"391",17.55041953857
"156",Kommune,f9b0d8a0-4a00-4353-9a28-10e0f91f515e,https://data.geonorge.no/sosi/administrativeenheter,"4.2",,"20200207000000",,,"3016",,"361",6.65640325042646
"157",Kommune,71d8fb41-ca12-4678-901b-6614cc354a43,https://data.geonorge.no/sosi/administrativeenheter,"4.2",,"20000630000000",,,"3818",,"395",52.0910924918965
"158",Kommune,e06e8cb6-f18d-46d4-9c5b-30a119ecd02e,https://data.geonorge.no/sosi/administrativeenheter,"4.2",,"20000630000000",,,"3045",,"395",13.4440313267955
"159",Kommune,57f4f1e3-a68a-4e19-b1dc-1e2df6d2a620,https://data.geonorge.no/sosi/administrativeenheter,"4.2",,"20200207000000",,,"3426",,"264",18.1759638139038
"160",Kommune,dbcd6009-d567-44e1-b075-260f19c503ff,https://data.geonorge.no/sosi/administrativeenheter,"4.2",,"20200207000000",,,"4217",,"388",39.2289567691205
"161",Kommune,314cf49e-afb3-466e-a12f-1df87b34ee3f,https://data.geonorge.no/sosi/administrativeenheter,"4.2",,"20200207000000",,,"3428",,"264",27.1644680396751
"162",Kommune,32e90869-c2ce-4390-9efb-93965e44a2ac,https://data.geonorge.no/sosi/administrativeenheter,"4.2",,"20000630000000",,,"3821",,"402",33.0782813334123
"163",Kommune,0f821a2d-a307-41ec-9b64-f01c80e39357,https://data.geonorge.no/sosi/administrativeenheter,"4.2",,"20200207000000",,,"3424",,"264",57.3319583228161
"164",Kommune,a2b4ac1b-74a5-4477-bc99-16fc386e8a5c,https://data.geonorge.no/sosi/administrativeenheter,"4.2",,"20000630000000",,,"3825",,"385",71.8493029935455
"165",Kommune,13900f60-1c4a-4a21-9dd2-37efbcecce02,https://data.geonorge.no/sosi/administrativeenheter,"4.2",,"20200207000000",,,"3403",,"131",13.0723144027651
"166",Kommune,f7c6e517-553a-46a4-8048-781d685aeab3,https://data.geonorge.no/sosi/administrativeenheter,"4.2",,"20200207000000",,,"3442",,"162",22.8159271996561
"167",Kommune,999ff9a4-33de-4ba7-9d39-d27f89752f55,https://data.geonorge.no/sosi/administrativeenheter,"4.2",,"20200207000000",,,"3419",,"109",23.3817160676274
"168",Kommune,f6ea4e51-d376-4c6f-9c95-c83bbe83013a,https://data.geonorge.no/sosi/administrativeenheter,"4.2",,"20000630000000",,,"3007",,"423",17.0134501918389
"169",Kommune,3fbfd0ea-2fc2-4d12-b05a-d3f70913a69e,https://data.geonorge.no/sosi/administrativeenheter,"4.2",,"20200207000000",,,"4202",,"138",7.3065279372546
"170",Kommune,ba7a7903-d55a-4b0e-864a-fe8a2b8bb244,https://data.geonorge.no/sosi/administrativeenheter,"4.2",,"20190222000000",,,"3020",,"281",2.21997216761109
"171",Kommune,ba7a7903-d55a-4b0e-864a-fe8a2b8bb244,https://data.geonorge.no/sosi/administrativeenheter,"4.2",,"20190222000000",,,"3020",,"158",3.88456983210316
"172",Kommune,ca889b1d-f767-4afc-afed-be95e29ae4fa,https://data.geonorge.no/sosi/administrativeenheter,"4.2",,"20190225000000",,,"3025",,"23",12.9120166938842
"173",Kommune,ca889b1d-f767-4afc-afed-be95e29ae4fa,https://data.geonorge.no/sosi/administrativeenheter,"4.2",,"20190225000000",,,"3025",,"125",5.70280159711189
"174",Kommune,ca889b1d-f767-4afc-afed-be95e29ae4fa,https://data.geonorge.no/sosi/administrativeenheter,"4.2",,"20190225000000",,,"3025",,"165",0.499835116915981
"175",Kommune,9f3d9ee1-a622-4515-ac6c-b5b10ebde6f3,https://data.geonorge.no/sosi/administrativeenheter,"4.2",,"20190301000000",,,"4204",,"204",18.5880181045394
"176",Kommune,9f3d9ee1-a622-4515-ac6c-b5b10ebde6f3,https://data.geonorge.no/sosi/administrativeenheter,"4.2",,"20190301000000",,,"4204",,"232",5.02886897778916
"177",Kommune,9f3d9ee1-a622-4515-ac6c-b5b10ebde6f3,https://data.geonorge.no/sosi/administrativeenheter,"4.2",,"20190301000000",,,"4204",,"39",29.51728069248
"178",Kommune,9f3d9ee1-a622-4515-ac6c-b5b10ebde6f3,https://data.geonorge.no/sosi/administrativeenheter,"4.2",,"20190301000000",,,"4204",,"204",12.7783167154986
"179",Kommune,8520c379-9da9-4a14-92ad-5fd4cd6d5446,https://data.geonorge.no/sosi/administrativeenheter,"4.2",,"20190315000000",,,"4621",,"413",7.90464568122693
"180",Kommune,8520c379-9da9-4a14-92ad-5fd4cd6d5446,https://data.geonorge.no/sosi/administrativeenheter,"4.2",,"20190315000000",,,"4621",,"413",16.2408476252495
"181",Kommune,8520c379-9da9-4a14-92ad-5fd4cd6d5446,https://data.geonorge.no/sosi/administrativeenheter,"4.2",,"20190315000000",,,"4621",,"326",24.1707299901443
"182",Kommune,9d8a9163-f623-4bc9-8a32-669b75915d5a,https://data.geonorge.no/sosi/administrativeenheter,"4.2",,"20200207000000",,,"1848",,"236",56.1538948946189
"183",Kommune,5bf20af1-5430-45a8-b4df-6c50bc30ebb1,https://data.geonorge.no/sosi/administrativeenheter,"4.2",,"20200917000000",,,"1124",,"129",5.20303753166456
"184",Kommune,778af2cb-3c48-4c6c-9841-6a35f2288fb9,https://data.geonorge.no/sosi/administrativeenheter,"4.2",,"20200207000000",,,"5028",,"169",23.2595601879745
"185",Kommune,d4fdef3f-f8d2-414c-ae44-be9fa4bf1e9a,https://data.geonorge.no/sosi/administrativeenheter,"4.2",,"20200207000000",,,"4617",,"113",21.5194286103074
"186",Kommune,a98555c9-41fd-453a-bdd5-560fe23930d0,https://data.geonorge.no/sosi/administrativeenheter,"4.2",,"20200207000000",,,"4612",,"266",11.313375398954
"187",Kommune,716abf9b-ecff-411a-a0f9-542e7e0debba,https://data.geonorge.no/sosi/administrativeenheter,"4.2",,"20190304000000",,,"5001",,"169",13.7587759973835
"188",Kommune,716abf9b-ecff-411a-a0f9-542e7e0debba,https://data.geonorge.no/sosi/administrativeenheter,"4.2",,"20190304000000",,,"5001",,"245",1.20925592781965
"189",Kommune,17af92d9-02dd-497f-8668-9168a3bd6f79,https://data.geonorge.no/sosi/administrativeenheter,"4.2",,"20200207000000",,,"5045",,"274",14.347623321334
"190",Kommune,5f22812b-9f2b-47e8-b4bf-1d80620f4bf2,https://data.geonorge.no/sosi/administrativeenheter,"4.2",,"20200207000000",,,"4634",,"332",22.6390957790269
"191",Kommune,ad422879-e9f4-4f48-8110-dd294c127405,https://data.geonorge.no/sosi/administrativeenheter,"4.2",,"20200207000000",,,"5419",,"365",14.1644663225793
"192",Kommune,38bc1c6e-d1f2-4979-8988-2549f38f776f,https://data.geonorge.no/sosi/administrativeenheter,"4.2",,"20200207000000",,,"4641",,"412",42.2938797670455
"193",Kommune,d0289985-41ff-4f2a-8eb1-2b41d9f6879c,https://data.geonorge.no/sosi/administrativeenheter,"4.2",,"20200207000000",,,"1525",,"400",29.2912691038807
"194",Kommune,3f2b552c-2a55-4fb4-b9a8-cea2a2e45406,https://data.geonorge.no/sosi/administrativeenheter,"4.2",,"20200207000000",,,"1833",,"338",20.1452032724935
"195",Kommune,93a8d91b-ec0e-42dd-a5fd-840c209e8c1f,https://data.geonorge.no/sosi/administrativeenheter,"4.2",,"20190301000000",,,"4640",,"412",13.4334512000139
"196",Kommune,93a8d91b-ec0e-42dd-a5fd-840c209e8c1f,https://data.geonorge.no/sosi/administrativeenheter,"4.2",,"20190301000000",,,"4640",,"412",16.8129862000762
"197",Kommune,93a8d91b-ec0e-42dd-a5fd-840c209e8c1f,https://data.geonorge.no/sosi/administrativeenheter,"4.2",,"20190301000000",,,"4640",,"252",19.472227393402
"198",Kommune,4ad19919-9e2b-4d0c-b9f0-c0c9d78f3b93,https://data.geonorge.no/sosi/administrativeenheter,"4.2",,"20200207000000",,,"1837",,"273",13.931248389679
"199",Kommune,c743b3fd-d65d-4361-8197-ed3a8e8d7ab1,https://data.geonorge.no/sosi/administrativeenheter,"4.2",,"20200207000000",,,"1867",,"419",30.3965190086703
"200",Kommune,917cb247-d8f1-46ef-8fc5-decc2cdde6fe,https://data.geonorge.no/sosi/administrativeenheter,"4.2",,"20200207000000",,,"1130",,"378",17.9368132839794
"201",Kommune,64484c75-ecbe-4b32-bbd5-57022e2bb425,https://data.geonorge.no/sosi/administrativeenheter,"4.2",,"20200207000000",,,"5423",,"223",42.1449208278349
"202",Kommune,58ff3e34-807b-4395-999d-9f9b03ac38b1,https://data.geonorge.no/sosi/administrativeenheter,"4.2",,"20200207000000",,,"1822",,"363",21.3952476854051
"203",Kommune,2f8abeb3-f180-4800-84a3-df6653fc9468,https://data.geonorge.no/sosi/administrativeenheter,"4.2",,"20200207000000",,,"0301",,"212",3.27038258704781
"204",Kommune,5ffa97f4-1123-4da4-83ec-ba1095b48a4a,https://data.geonorge.no/sosi/administrativeenheter,"4.2",,"20200207000000",,,"4650",,"377",23.206064145449
"205",Kommune,0c229077-33b4-4815-b172-29b67cd43b1c,https://data.geonorge.no/sosi/administrativeenheter,"4.2",,"20200207000000",,,"1134",,"334",45.9467817174478
"206",Kommune,b4566a47-7868-430f-9a36-412c6e9dc702,https://data.geonorge.no/sosi/administrativeenheter,"4.2",,"20200207000000",,,"1112",,"314",24.6364664205255
"207",Kommune,4f8bca1c-fdfc-4f15-a31e-aea68932cc0b,https://data.geonorge.no/sosi/administrativeenheter,"4.2",,"20200207000000",,,"1111",,"314",21.2834336617827
"208",Kommune,7b7fda38-64a8-4197-a54c-5244f4dc4d64,https://data.geonorge.no/sosi/administrativeenheter,"4.2",,"20200207000000",,,"1145",,"341",12.159523083495
"209",Kommune,8d1e0a0a-5bd0-4a21-8e5b-bd3cb2a0d4b7,https://data.geonorge.no/sosi/administrativeenheter,"4.2",,"20190304000000",,,"5421",,"255",26.5071092154836
"210",Kommune,8d1e0a0a-5bd0-4a21-8e5b-bd3cb2a0d4b7,https://data.geonorge.no/sosi/administrativeenheter,"4.2",,"20190304000000",,,"5421",,"253",30.0259309081686
"211",Kommune,8d1e0a0a-5bd0-4a21-8e5b-bd3cb2a0d4b7,https://data.geonorge.no/sosi/administrativeenheter,"4.2",,"20190304000000",,,"5421",,"253",15.459507447759
"212",Kommune,8d1e0a0a-5bd0-4a21-8e5b-bd3cb2a0d4b7,https://data.geonorge.no/sosi/administrativeenheter,"4.2",,"20190304000000",,,"5421",,"255",34.9151011024717
"213",Kommune,551c1982-1434-450e-a8fe-2b79cd62b1db,https://data.geonorge.no/sosi/administrativeenheter,"4.2",,"20200207000000",,,"4633",,"331",11.8857282562848
"214",Kommune,8fe8934c-b2c2-496d-ae64-2cf37495742b,https://data.geonorge.no/sosi/administrativeenheter,"4.2",,"20200207000000",,,"4614",,"116",5.31409891570566
"215",Kommune,8b91f9f4-22f8-49e8-8b11-32c005e534aa,https://data.geonorge.no/sosi/administrativeenheter,"4.2",,"20200207000000",,,"5418",,"365",38.8555778897524
"216",Kommune,76285d74-fed7-4c42-82d8-792dcaaf2c3e,https://data.geonorge.no/sosi/administrativeenheter,"4.2",,"20200207000000",,,"1838",,"273",20.9761879287747
"217",Kommune,3992cb86-5b7f-4a9d-987b-ea997025b24d,https://data.geonorge.no/sosi/administrativeenheter,"4.2",,"20200207000000","20211101000000","Matrikkelen, Kommunegrenser-SOSI (MAT0016)","4619",,"385",56.2449439444656
"218",Kommune,dbd6250b-1b53-4c6f-8e41-f1b7ba4d3e91,https://data.geonorge.no/sosi/administrativeenheter,"4.2",,"20000630000000",,,"3048",,"279",3.25575631572663
"219",Kommune,624b7261-5dde-4188-be99-c419d90d514f,https://data.geonorge.no/sosi/administrativeenheter,"4.2",,"20190222000000",,,"3005",,"210",15.5559572145461
"220",Kommune,624b7261-5dde-4188-be99-c419d90d514f,https://data.geonorge.no/sosi/administrativeenheter,"4.2",,"20190222000000",,,"3005",,"243",3.4928681077967
"221",Kommune,624b7261-5dde-4188-be99-c419d90d514f,https://data.geonorge.no/sosi/administrativeenheter,"4.2",,"20190222000000",,,"3005",,"178",2.25106946919828
"222",Kommune,9e5777cd-53da-45e1-9d53-43a0f08d9fc1,https://data.geonorge.no/sosi/administrativeenheter,"4.2",,"20200207000000",,,"4635",,"331",25.5696725081211
"223",Kommune,8a7ad424-0adc-4925-9e04-cf17bd2b4357,https://data.geonorge.no/sosi/administrativeenheter,"4.2",,"20200207000000",,,"4638",,"348",35.4577063362754
"224",Kommune,3f60ce31-325d-4d4a-b023-57ce48f695ec,https://data.geonorge.no/sosi/administrativeenheter,"4.2",,"20200207000000",,,"1560",,"289",27.0342548970877
"225",Kommune,340fff7f-b153-4a87-814d-12ca4f2d1682,https://data.geonorge.no/sosi/administrativeenheter,"4.2",,"20200207000000",,,"5047",,"352",4.76171673029942
"226",Kommune,9e24b188-830d-4fb1-8c27-f3428af8a6b4,https://data.geonorge.no/sosi/administrativeenheter,"4.2",,"20200207000000",,,"5422",,"365",35.7203165551916
"227",Kommune,fb9dc1cb-77dd-40c8-a453-59f870980e7d,https://data.geonorge.no/sosi/administrativeenheter,"4.2",,"20200207000000",,,"5031",,"318",11.3864855650403
"228",Kommune,24f92d31-e356-4e57-97a7-5bf1776ddd0a,https://data.geonorge.no/sosi/administrativeenheter,"4.2",,"20200207000000",,,"1840",,"353",41.7126387989134
"229",Kommune,351ba144-37bc-4d7b-a5bf-a3b2ddcb87a2,https://data.geonorge.no/sosi/administrativeenheter,"4.2",,"20200207000000",,,"1133",,"378",47.2371220814056
"230",Kommune,c0109514-1ba9-49a2-9063-15e89cb03e55,https://data.geonorge.no/sosi/administrativeenheter,"4.2",,"20200207000000",,,"5014",,"406",54.2576166511206
"231",Kommune,774b068a-acd2-4a85-9543-333ffaa70855,https://data.geonorge.no/sosi/administrativeenheter,"4.2",,"20200207000000",,,"1120",,"300",4.06235762055176
"232",Kommune,32b7a1d8-b69c-4fe9-b2e1-faef314947cd,https://data.geonorge.no/sosi/administrativeenheter,"4.2",,"20200207000000",,,"1875",,"155",63.6185401160341
"233",Kommune,32b7a1d8-b69c-4fe9-b2e1-faef314947cd,https://data.geonorge.no/sosi/administrativeenheter,"4.2",,"20200207000000",,,"1875",,"236",69.5300316854925
"234",Kommune,2fc1366b-c2f5-45d5-a453-824adcc41d07,https://data.geonorge.no/sosi/administrativeenheter,"4.2",,"20200207000000",,,"5022",,"126",25.6720946066803
"235",Kommune,0134921c-0ff3-4188-bc05-acfdb5f313a5,https://data.geonorge.no/sosi/administrativeenheter,"4.2",,"20200207000000",,,"5053",,"340",13.3445215390917
"236",Kommune,cefd118d-0c98-483d-a9a4-965b0996c479,https://data.geonorge.no/sosi/administrativeenheter,"4.2",,"20200207000000",,,"1563",,"354",12.4694768558084
"237",Kommune,4cfc3ece-65b6-4c17-adde-b3bede393630,https://data.geonorge.no/sosi/administrativeenheter,"4.2",,"20200207000000",,,"5021",,"126",9.80990029354558
"238",Kommune,b6c5a7ed-eb81-4e9d-81b3-a09b2393bed3,https://data.geonorge.no/sosi/administrativeenheter,"4.2",,"20200207000000",,,"1119",,"311",9.36679841364358
"239",Kommune,b74c8d85-746e-4b76-a925-fc8d98f46a76,https://data.geonorge.no/sosi/administrativeenheter,"4.2",,"20200207000000",,,"1868",,"419",5.58505404298399
"240",Kommune,ff08a39d-37f4-4543-b0f7-64d45dc88323,https://data.geonorge.no/sosi/administrativeenheter,"4.2",,"20000630000000",,,"3046",,"395",18.1116171697093
"241",Kommune,64df1997-a4cd-446e-a1bc-d36f24fa554f,https://data.geonorge.no/sosi/administrativeenheter,"4.2",,"20170103000000",,,"5426",,"223",70.8830674491546
"242",Kommune,8b023c74-4db4-48f9-8a5c-a3124c75da14,https://data.geonorge.no/sosi/administrativeenheter,"4.2",,"20200207000000",,,"4219",,"387",3.632105966018
"243",Kommune,911b4d14-99b3-46e1-94a8-62bf2e07c4ab,https://data.geonorge.no/sosi/administrativeenheter,"4.2",,"20200207000000",,,"5007",,"352",21.9818454385074
"244",Kommune,911b4d14-99b3-46e1-94a8-62bf2e07c4ab,https://data.geonorge.no/sosi/administrativeenheter,"4.2",,"20200207000000",,,"5007",,"294",33.4014564443955
"245",Kommune,911b4d14-99b3-46e1-94a8-62bf2e07c4ab,https://data.geonorge.no/sosi/administrativeenheter,"4.2",,"20200207000000",,,"5007",,"352",24.9622095931061
"246",Kommune,837791de-4014-4e8a-a3de-ac2044befe2c,https://data.geonorge.no/sosi/administrativeenheter,"4.2",,"20200917000000",,,"1103",,"242",11.5478034464576
"247",Kommune,837791de-4014-4e8a-a3de-ac2044befe2c,https://data.geonorge.no/sosi/administrativeenheter,"4.2",,"20200917000000",,,"1103",,"105",1.67357135219704
"248",Kommune,837791de-4014-4e8a-a3de-ac2044befe2c,https://data.geonorge.no/sosi/administrativeenheter,"4.2",,"20200917000000",,,"1103",,"242",26.216566958346
"249",Kommune,48e19a67-f1f2-44f2-9f3d-9227a699776f,https://data.geonorge.no/sosi/administrativeenheter,"4.2",,"20190304000000",,,"1506",,"247",15.1406229019652
"250",Kommune,48e19a67-f1f2-44f2-9f3d-9227a699776f,https://data.geonorge.no/sosi/administrativeenheter,"4.2",,"20190304000000",,,"1506",,"355",23.1075018309278
"251",Kommune,48e19a67-f1f2-44f2-9f3d-9227a699776f,https://data.geonorge.no/sosi/administrativeenheter,"4.2",,"20190304000000",,,"1506",,"62",20.4846489278264
"252",Kommune,efe40656-9764-4926-ac55-d04d4665f3ef,https://data.geonorge.no/sosi/administrativeenheter,"4.2",,"20190318000000",,,"1507",,"366",34.5524421972484
"253",Kommune,efe40656-9764-4926-ac55-d04d4665f3ef,https://data.geonorge.no/sosi/administrativeenheter,"4.2",,"20190318000000",,,"1507",,"276",0.857261895752257
"254",Kommune,efe40656-9764-4926-ac55-d04d4665f3ef,https://data.geonorge.no/sosi/administrativeenheter,"4.2",,"20190318000000",,,"1507",,"276",15.1383337262116
"255",Kommune,efe40656-9764-4926-ac55-d04d4665f3ef,https://data.geonorge.no/sosi/administrativeenheter,"4.2",,"20190318000000",,,"1507",,"276",16.5103731852849
"256",Kommune,efe40656-9764-4926-ac55-d04d4665f3ef,https://data.geonorge.no/sosi/administrativeenheter,"4.2",,"20190318000000",,,"1507",,"276",29.6169256770641
"257",Kommune,62e7e196-7c17-4a39-b979-412249ead977,https://data.geonorge.no/sosi/administrativeenheter,"4.2",,"20190304000000",,,"5055",,"289",35.9852682099212
"258",Kommune,62e7e196-7c17-4a39-b979-412249ead977,https://data.geonorge.no/sosi/administrativeenheter,"4.2",,"20190304000000",,,"5055",,"322",3.2451777834882
"259",Kommune,1c5f2a65-7542-4701-8679-dd0431ed6a94,https://data.geonorge.no/sosi/administrativeenheter,"4.2",,"20190301000000",,,"4205",,"39",4.88470496747166
"260",Kommune,1c5f2a65-7542-4701-8679-dd0431ed6a94,https://data.geonorge.no/sosi/administrativeenheter,"4.2",,"20190301000000",,,"4205",,"39",14.3836679286602
"261",Kommune,59dd3930-9f65-49b2-9a3a-3d6c4c03a83b,https://data.geonorge.no/sosi/administrativeenheter,"4.2",,"20200207000000",,,"5428",,"219",82.6697183310837
"262",Kommune,68e7bac8-f3ff-4cca-b98b-4e69782d6a2d,https://data.geonorge.no/sosi/administrativeenheter,"4.2",,"20200207000000",,,"1827",,"363",12.3442660767655
"263",Kommune,926f576c-0db6-4b98-805f-2932ba914baf,https://data.geonorge.no/sosi/administrativeenheter,"4.2",,"20200207000000",,,"3811",,"208",11.1229743399018
"264",Kommune,926f576c-0db6-4b98-805f-2932ba914baf,https://data.geonorge.no/sosi/administrativeenheter,"4.2",,"20200207000000",,,"3811",,"367",4.07035320223316
"265",Kommune,41b31bfc-b149-4d47-afe7-83190cd1f2bf,https://data.geonorge.no/sosi/administrativeenheter,"4.2",,"20200207000000",,,"1539",,"247",43.4645033857204
"266",Kommune,18a50d4c-a5ab-47ae-bf7d-54391c67637d,https://data.geonorge.no/sosi/administrativeenheter,"4.2",,"20200207000000",,,"3453",,"403",32.1512452501892
"267",Kommune,85253364-c56c-4140-bd1e-fd77ad3474d5,https://data.geonorge.no/sosi/administrativeenheter,"4.2",,"20200207000000",,,"4207",,"314",9.02371561150251
"268",Kommune,324a56a6-94b2-4511-aa96-f2a4bbd6fc22,https://data.geonorge.no/sosi/administrativeenheter,"4.2",,"20200207000000",,,"5435",,"238",83.8154822758646
"269",Kommune,9d7b1475-dfc8-46ad-b70a-f722278f78dc,https://data.geonorge.no/sosi/administrativeenheter,"4.2",,"20200207000000",,,"5405",,"256",57.1184378935711
"270",Kommune,d4f05891-b2e5-486d-952e-a4f45c994732,https://data.geonorge.no/sosi/administrativeenheter,"4.2",,"20190301000000",,,"3802",,"210",13.9393507879265
"271",Kommune,d4f05891-b2e5-486d-952e-a4f45c994732,https://data.geonorge.no/sosi/administrativeenheter,"4.2",,"20190301000000",,,"3802",,"360",14.7811203829807
"272",Kommune,d4f05891-b2e5-486d-952e-a4f45c994732,https://data.geonorge.no/sosi/administrativeenheter,"4.2",,"20190301000000",,,"3802",,"243",21.8038664179038
"273",Kommune,50f079ae-e2a0-4283-8985-e5c1c247b110,https://data.geonorge.no/sosi/administrativeenheter,"4.2",,"20190301000000",,,"3803",,"360",3.39815611434319
"274",Kommune,50f079ae-e2a0-4283-8985-e5c1c247b110,https://data.geonorge.no/sosi/administrativeenheter,"4.2",,"20190301000000",,,"3803",,"124",3.36903737217924
"275",Kommune,f19e7d46-1a86-4cbb-b262-3fdfeb7a31ab,https://data.geonorge.no/sosi/administrativeenheter,"4.2",,"20190222000000",,,"3014",,"283",1.24172550246215
"276",Kommune,f19e7d46-1a86-4cbb-b262-3fdfeb7a31ab,https://data.geonorge.no/sosi/administrativeenheter,"4.2",,"20190222000000",,,"3014",,"101",0.97079496533298
"277",Kommune,f19e7d46-1a86-4cbb-b262-3fdfeb7a31ab,https://data.geonorge.no/sosi/administrativeenheter,"4.2",,"20190222000000",,,"3014",,"397",3.35426329456453
"278",Kommune,f19e7d46-1a86-4cbb-b262-3fdfeb7a31ab,https://data.geonorge.no/sosi/administrativeenheter,"4.2",,"20190222000000",,,"3014",,"101",8.08636200642883
"279",Kommune,f19e7d46-1a86-4cbb-b262-3fdfeb7a31ab,https://data.geonorge.no/sosi/administrativeenheter,"4.2",,"20190222000000",,,"3014",,"396",9.81103232321341
"280",Kommune,ee718989-7390-42d1-96fd-29b5e2615439,https://data.geonorge.no/sosi/administrativeenheter,"4.2",,"20200207000000",,,"4203",,"350",1.23113034226611
"281",Kommune,9a0f1628-27c8-4a16-8f6b-506f3d3c6620,https://data.geonorge.no/sosi/administrativeenheter,"4.2",,"20200207000000",,,"1865",,"236",6.02158938889967
"282",Kommune,940e4992-3450-4448-97b7-ff992b2950fa,https://data.geonorge.no/sosi/administrativeenheter,"4.2",,"20200207000000",,,"1106",,"424",4.20194155053592
"283",Kommune,0ed5809d-d04a-45cf-b3ba-04998790444e,https://data.geonorge.no/sosi/administrativeenheter,"4.2",,"20200207000000",,,"4639",,"252",7.42119951326503
"284",Kommune,63b2a030-fa63-4355-b563-706279f9c240,https://data.geonorge.no/sosi/administrativeenheter,"4.2",,"20190304000000",,,"5059",,"315",29.3753046022515
"285",Kommune,63b2a030-fa63-4355-b563-706279f9c240,https://data.geonorge.no/sosi/administrativeenheter,"4.2",,"20190304000000",,,"5059",,"322",21.9735375636885
"286",Kommune,63b2a030-fa63-4355-b563-706279f9c240,https://data.geonorge.no/sosi/administrativeenheter,"4.2",,"20190304000000",,,"5059",,"315",8.18522985344147
"287",Kommune,63b2a030-fa63-4355-b563-706279f9c240,https://data.geonorge.no/sosi/administrativeenheter,"4.2",,"20190304000000",,,"5059",,"291",14.6444895631443
"288",Kommune,92691e1b-3b86-40ad-851e-f3899f43508e,https://data.geonorge.no/sosi/administrativeenheter,"4.2",,"20190304000000",,,"1578",,"247",55.066710536008
"289",Kommune,92691e1b-3b86-40ad-851e-f3899f43508e,https://data.geonorge.no/sosi/administrativeenheter,"4.2",,"20190304000000",,,"1578",,"62",38.0982672976183
"290",Kommune,41bd2013-db58-4f41-ba1e-d47a61c39088,https://data.geonorge.no/sosi/administrativeenheter,"4.2",,"20190304000000",,,"1108",,"96",6.99082236035267
"291",Kommune,41bd2013-db58-4f41-ba1e-d47a61c39088,https://data.geonorge.no/sosi/administrativeenheter,"4.2",,"20190304000000",,,"1108",,"378",37.6714004945448
"292",Kommune,6275c2e1-b61c-4ad6-8322-a043201c9820,https://data.geonorge.no/sosi/administrativeenheter,"4.2",,"20190304000000",,,"5057",,"201",23.5319025703517
"293",Kommune,6275c2e1-b61c-4ad6-8322-a043201c9820,https://data.geonorge.no/sosi/administrativeenheter,"4.2",,"20190304000000",,,"5057",,"291",21.385404213929
"294",Kommune,46f06c02-ffdb-482f-b1c1-3b0ca7282eca,https://data.geonorge.no/sosi/administrativeenheter,"4.2",,"20190301000000",,,"4647",,"348",11.8957093033789
"295",Kommune,46f06c02-ffdb-482f-b1c1-3b0ca7282eca,https://data.geonorge.no/sosi/administrativeenheter,"4.2",,"20190301000000",,,"4647",,"348",12.9192202638324
"296",Kommune,46f06c02-ffdb-482f-b1c1-3b0ca7282eca,https://data.geonorge.no/sosi/administrativeenheter,"4.2",,"20190301000000",,,"4647",,"348",13.8381976846001
"297",Kommune,46f06c02-ffdb-482f-b1c1-3b0ca7282eca,https://data.geonorge.no/sosi/administrativeenheter,"4.2",,"20190301000000",,,"4647",,"348",33.3941207004572
"298",Kommune,87eebee0-8d8d-4e4a-88d3-99170ede0bf2,https://data.geonorge.no/sosi/administrativeenheter,"4.2",,"20200207000000",,,"1870",,"419",26.7843294518123
"299",Kommune,92e7f845-3aa8-4438-aded-734347959e15,https://data.geonorge.no/sosi/administrativeenheter,"4.2",,"20200207000000",,,"1557",,"289",24.3055457289524
"300",Kommune,fcdbda7d-52e8-4075-b100-5f35c56a9439,https://data.geonorge.no/sosi/administrativeenheter,"4.2",,"20200207000000",,,"4611",,"113",26.214210929674
"301",Kommune,2a9247bd-d002-420e-93f2-dd7dddc3bb59,https://data.geonorge.no/sosi/administrativeenheter,"4.2",,"20200207000000",,,"1866",,"236",33.2750070136244
"302",Kommune,a7321f05-33bb-4df6-99e2-0787142b8e83,https://data.geonorge.no/sosi/administrativeenheter,"4.2",,"20200207000000",,,"1149",,"382",1.45956151668752
"303",Kommune,607b4a39-83e8-407c-8e38-fffb0f3c288b,https://data.geonorge.no/sosi/administrativeenheter,"4.2",,"20200207000000",,,"1857",,"217",66.4071212998162
"304",Kommune,2f105ea7-e1dc-48e5-af76-09dbb920db0d,https://data.geonorge.no/sosi/administrativeenheter,"4.2",,"20200207000000",,,"5401",,"193",4.29115434197418
"305",Kommune,4c57eb86-6eb4-424d-9909-3473ac61918d,https://data.geonorge.no/sosi/administrativeenheter,"4.2",,"20000630000000",,,"3049",,"102",6.98615510732622
"306",Kommune,1765b21a-d1ef-48b5-88c4-b0bc1742f123,https://data.geonorge.no/sosi/administrativeenheter,"4.2",,"20000630000000",,,"3047",,"279",25.1180685894964
"307",Kommune,5feb1d14-3304-4366-a03b-3113d40ff962,https://data.geonorge.no/sosi/administrativeenheter,"4.2",,"20200207000000",,,"3413",,"173",21.5595534514011
"308",Kommune,28acd8cd-ec05-4746-92cc-4aeee880239b,https://data.geonorge.no/sosi/administrativeenheter,"4.2",,"20200207000000",,,"3443",,"410",17.7119044047661
"309",Kommune,303d1b06-2b89-4688-ae96-85a61b00985f,https://data.geonorge.no/sosi/administrativeenheter,"4.2",,"20190222000000",,,"3002",,"99",4.67324150584688
"310",Kommune,303d1b06-2b89-4688-ae96-85a61b00985f,https://data.geonorge.no/sosi/administrativeenheter,"4.2",,"20190222000000",,,"3002",,"84",0.840940016330409
"311",Kommune,f24feed6-3165-4023-abc7-de6b844810a6,https://data.geonorge.no/sosi/administrativeenheter,"4.2",,"20200207000000",,,"3436",,"319",11.1446133069968
"312",Kommune,75c667c6-5e04-48ed-9bfe-1da57bf18390,https://data.geonorge.no/sosi/administrativeenheter,"4.2",,"20200207000000",,,"3448",,"391",26.3962968812284
"313",Kommune,73c8e158-0d23-4143-9024-9aa56c24c31c,https://data.geonorge.no/sosi/administrativeenheter,"4.2",,"20200207000000",,,"3427",,"150",18.0550140922768
"314",Kommune,29818c5a-4baa-4ca9-98a5-8b78ab00877a,https://data.geonorge.no/sosi/administrativeenheter,"4.2",,"20200207000000",,,"5439",,"256",66.4751203183775
"315",Kommune,617485c7-dd5e-42b7-9888-e94513444835,https://data.geonorge.no/sosi/administrativeenheter,"4.2",,"20200207000000",,,"1514",,"337",18.4964599003762
"316",Kommune,42b6831f-ee82-4c75-9d14-1d49ff1e1de1,https://data.geonorge.no/sosi/administrativeenheter,"4.2",,"20070103000000",,,"5432",,"219",57.3741759459349
"317",Kommune,38b30a93-d01a-4939-8aa5-9190ced93162,https://data.geonorge.no/sosi/administrativeenheter,"4.2",,"20000630000000",,,"3814",,"221",3.44050126895704
"318",Kommune,b80d311a-3d78-457f-bb5c-0e023679b13a,https://data.geonorge.no/sosi/administrativeenheter,"4.2",,"20190301000000",,,"4225",,"387",34.3958912611924
"319",Kommune,b80d311a-3d78-457f-bb5c-0e023679b13a,https://data.geonorge.no/sosi/administrativeenheter,"4.2",,"20190301000000",,,"4225",,"246",19.6596466761102
"320",Kommune,6ca26978-f7bf-4582-91a3-d09bb73f71e3,https://data.geonorge.no/sosi/administrativeenheter,"4.2",,"20190301000000",,,"3817",,"402",4.76659538138105
"321",Kommune,6ca26978-f7bf-4582-91a3-d09bb73f71e3,https://data.geonorge.no/sosi/administrativeenheter,"4.2",,"20190301000000",,,"3817",,"402",13.2865064630974
"322",Kommune,6a3369f7-2b15-4719-bf18-6ce46e416d80,https://data.geonorge.no/sosi/administrativeenheter,"4.2",,"20190304000000",,,"1806",,"155",32.1392719641735
"323",Kommune,6a3369f7-2b15-4719-bf18-6ce46e416d80,https://data.geonorge.no/sosi/administrativeenheter,"4.2",,"20190304000000",,,"1806",,"160",18.3646724235905
"324",Kommune,4bc90772-e7f1-4511-ab57-566117d456cf,https://data.geonorge.no/sosi/administrativeenheter,"4.2",,"20190301000000",,,"4602",,"399",5.03754267595952
"325",Kommune,778bf04f-6b8c-4c43-8c9d-de7f6777635b,https://data.geonorge.no/sosi/administrativeenheter,"4.2",,"20190304000000",,,"5406",,"238",14.1533707034577
"326",Kommune,778bf04f-6b8c-4c43-8c9d-de7f6777635b,https://data.geonorge.no/sosi/administrativeenheter,"4.2",,"20190304000000",,,"5406",,"238",33.0296973119066
"327",Kommune,7ae4b5f6-2220-47aa-b746-27e822396a5a,https://data.geonorge.no/sosi/administrativeenheter,"4.2",,"20190304000000",,,"1577",,"154",15.4710934072145
"328",Kommune,7ae4b5f6-2220-47aa-b746-27e822396a5a,https://data.geonorge.no/sosi/administrativeenheter,"4.2",,"20190304000000",,,"1577",,"400",12.0714032440061
"329",Kommune,383eb054-bb62-4e65-8707-28f905a2d995,https://data.geonorge.no/sosi/administrativeenheter,"4.2",,"20200108000000",,,"5412",,"199",32.1565679081059
"330",Kommune,383eb054-bb62-4e65-8707-28f905a2d995,https://data.geonorge.no/sosi/administrativeenheter,"4.2",,"20200108000000",,,"5412",,"199",25.269329512444
"331",Kommune,543ac82b-d449-4fbe-bd93-8eaf7e16ef8c,https://data.geonorge.no/sosi/administrativeenheter,"4.2",,"20190301000000",,,"4624",,"25",2.19328131622036
"332",Kommune,543ac82b-d449-4fbe-bd93-8eaf7e16ef8c,https://data.geonorge.no/sosi/administrativeenheter,"4.2",,"20190301000000",,,"4624",,"409",3.21455851366931
"333",Kommune,468e68cb-c1f3-4bf8-bb58-23ef6d0aab9e,https://data.geonorge.no/sosi/administrativeenheter,"4.2",,"20200207000000",,,"5444",,"224",19.6922361701414
"334",Kommune,5e2d6b0d-ad7d-4de9-88ff-f57f591aaef8,https://data.geonorge.no/sosi/administrativeenheter,"4.2",,"20200207000000",,,"4651",,"400",12.2501705614893
"335",Kommune,d73265d8-64ac-4a5c-804f-f2e727d748d6,https://data.geonorge.no/sosi/administrativeenheter,"4.2",,"20190304000000",,,"1579",,"298",13.6201720691144
"336",Kommune,d73265d8-64ac-4a5c-804f-f2e727d748d6,https://data.geonorge.no/sosi/administrativeenheter,"4.2",,"20190304000000",,,"1579",,"298",2.27242091050936
"337",Kommune,fc39e78f-5259-4503-be78-1ced36f9d057,https://data.geonorge.no/sosi/administrativeenheter,"4.2",,"20060101000000",,,"1160",,"334",6.69599070976194
"338",Kommune,a928078f-8e99-4f8f-9c17-02ecc41364eb,https://data.geonorge.no/sosi/administrativeenheter,"4.2",,"20200207000000",,,"5429",,"219",49.6456780252078
"339",Kommune,c1c3768f-f923-4e6a-b0d1-8b4459baee61,https://data.geonorge.no/sosi/administrativeenheter,"4.2",,"20200207000000",,,"1511",,"377",26.3561757396195
"340",Kommune,75299d27-bbbd-4e35-89ce-a22f906be1a9,https://data.geonorge.no/sosi/administrativeenheter,"4.2",,"20200207000000",,,"4632",,"331",0.018540029045227
"341",Kommune,bc30051b-5209-4be5-b1fa-4bd6d17cf477,https://data.geonorge.no/sosi/administrativeenheter,"4.2",,"20200207000000",,,"5414",,"160",27.6729031571378
"342",Kommune,6373f185-3ea5-4843-96cf-90c46ae7d8fe,https://data.geonorge.no/sosi/administrativeenheter,"4.2",,"20200207000000",,,"1820",,"363",14.1771265761097
"343",Kommune,c55aac2c-1107-4ed4-b107-0abf90c820db,https://data.geonorge.no/sosi/administrativeenheter,"4.2",,"20200207000000",,,"5403",,"219",2.22039778905449
"344",Kommune,3a7a9b3e-a6a9-4ef7-bc4e-0f1083a8de1a,https://data.geonorge.no/sosi/administrativeenheter,"4.2",,"20200207000000",,,"5416",,"365",47.2917275262393
"345",Kommune,582a15e4-d853-4501-8d37-057432110a8d,https://data.geonorge.no/sosi/administrativeenheter,"4.2",,"20200207000000",,,"4644",,"356",17.2602546948943
"346",Kommune,7f607a8b-adf6-4512-9f75-2c2a95a9ee8f,https://data.geonorge.no/sosi/administrativeenheter,"4.2",,"20200207000000",,,"1824",,"235",2.22949385792092
"347",Kommune,148308fc-f444-442d-8617-b4f3b7d51892,https://data.geonorge.no/sosi/administrativeenheter,"4.2",,"20200207000000",,,"5438",,"256",61.4261351978127
"348",Kommune,8fb10503-5db3-4a0d-899d-a26c776c194e,https://data.geonorge.no/sosi/administrativeenheter,"4.2",,"20200207000000",,,"1566",,"355",31.4764855143575
"349",Kommune,312ece6e-6f7a-4c85-94bc-a529b5bdc24d,https://data.geonorge.no/sosi/administrativeenheter,"4.2",,"20200207000000",,,"5032",,"318",29.8246803400202
"350",Kommune,a3652f85-96d3-42cf-a8e5-aae2c889f330,https://data.geonorge.no/sosi/administrativeenheter,"4.2",,"20200207000000",,,"5038",,"41",26.044040149579
"351",Kommune,fb0a6748-d430-428f-9a0b-c2c3b63f6789,https://data.geonorge.no/sosi/administrativeenheter,"4.2",,"20200207000000",,,"5402",,"200",3.54850861259508
"352",Kommune,c78c38f7-7090-45ba-8ec5-7f642bc86fc1,https://data.geonorge.no/sosi/administrativeenheter,"4.2",,"20200207000000",,,"5425",,"193",71.9243422583356
"353",Kommune,20f6d491-f96b-413f-bb5e-cd0a2b92b69f,https://data.geonorge.no/sosi/administrativeenheter,"4.2",,"20200207000000",,,"5029",,"315",10.1620878571465
"354",Kommune,1a028be5-a934-4aed-a178-2b87a8f7c945,https://data.geonorge.no/sosi/administrativeenheter,"4.2",,"20200207000000",,,"5036",,"318",18.6683495098892
"355",Kommune,f1b48c72-2140-4129-b2d3-b2f857651f3d,https://data.geonorge.no/sosi/administrativeenheter,"4.2",,"20200207000000",,,"4629",,"6",39.9277052855914
"356",Kommune,4cf12380-708e-4879-b161-8d09ae2bfda3,https://data.geonorge.no/sosi/administrativeenheter,"4.2",,"20211115000000",,,"1853",,"155",20.3747615232929
"357",Kommune,6de61215-35a5-49a9-b71b-32223dff8843,https://data.geonorge.no/sosi/administrativeenheter,"4.2",,"20200207000000",,,"3805",,"360",20.6254811777148
"358",Kommune,6de61215-35a5-49a9-b71b-32223dff8843,https://data.geonorge.no/sosi/administrativeenheter,"4.2",,"20200207000000",,,"3805",,"369",7.87379100841839
"359",Kommune,ecbd9c3f-4780-4581-92a6-21d443226bac,https://data.geonorge.no/sosi/administrativeenheter,"4.2",,"20200207000000",,,"5436",,"368",12.7222027744267
"360",Kommune,c7da53d0-cd0f-416c-92fb-fb15d796a9b5,https://data.geonorge.no/sosi/administrativeenheter,"4.2",,"20200207000000",,,"5430",,"219",93.6544995153989
"361",Kommune,b8774162-90dd-4039-acb2-a4a6db46fcbc,https://data.geonorge.no/sosi/administrativeenheter,"4.2",,"20190301000000",,,"4626",,"11",4.67110775620181
"362",Kommune,b8774162-90dd-4039-acb2-a4a6db46fcbc,https://data.geonorge.no/sosi/administrativeenheter,"4.2",,"20190301000000",,,"4626",,"202",4.40131152817989
"363",Kommune,b8774162-90dd-4039-acb2-a4a6db46fcbc,https://data.geonorge.no/sosi/administrativeenheter,"4.2",,"20190301000000",,,"4626",,"333",7.24095858639022
"364",Kommune,35b9a8e2-32dc-4301-a739-d290d69ea19c,https://data.geonorge.no/sosi/administrativeenheter,"4.2",,"20200207000000",,,"1573",,"289",32.6719622124257
"365",Kommune,221267b1-71d7-4d04-ba93-f667ceda7152,https://data.geonorge.no/sosi/administrativeenheter,"4.2",,"20200207000000",,,"1815",,"251",24.7346169611093
"366",Kommune,ac286f86-e44c-40d1-b26f-fc83a2501dc1,https://data.geonorge.no/sosi/administrativeenheter,"4.2",,"20200207000000",,,"1835",,"363",60.636744926167
"367",Kommune,a458efe0-b6bf-420c-9c13-5200e0a93adb,https://data.geonorge.no/sosi/administrativeenheter,"4.2",,"20200207000000",,,"1859",,"217",18.4014854584638
"368",Kommune,e294e1ca-10fc-471e-885f-27fc5e027620,https://data.geonorge.no/sosi/administrativeenheter,"4.2",,"20200207000000",,,"5424",,"223",40.089701210125
"369",Kommune,f410cc5f-ea29-466d-9c55-63238967adcc,https://data.geonorge.no/sosi/administrativeenheter,"4.2",,"20200207000000",,,"5440",,"256",62.0447037022568
"370",Kommune,afbc50e6-bb92-4bb4-bcdb-fc83e1e7e444,https://data.geonorge.no/sosi/administrativeenheter,"4.2",,"20200207000000",,,"5433",,"238",46.1148513044101
"371",Kommune,d60c476a-7e36-4675-8ef5-218cf8c0e3d0,https://data.geonorge.no/sosi/administrativeenheter,"4.2",,"20200207000000",,,"1554",,"289",15.7301994524424
"372",Kommune,f683728d-d5e1-49f3-80d4-23f2f0c9e61f,https://data.geonorge.no/sosi/administrativeenheter,"4.2",,"20200207000000",,,"5044",,"274",55.6609242773967
"373",Kommune,91b6bbc7-e889-43cc-85ac-f6a2b9b47d39,https://data.geonorge.no/sosi/administrativeenheter,"4.2",,"20200207000000",,,"5037",,"240",8.27659937944408
"374",Kommune,7b69ba4e-a8c8-4013-8aa5-751f0f1d176c,https://data.geonorge.no/sosi/administrativeenheter,"4.2",,"20200207000000",,,"5056",,"406",33.1780076795666
"375",Kommune,98ba7f4f-4600-4702-b96a-54fb34d8ab6e,https://data.geonorge.no/sosi/administrativeenheter,"4.2",,"20200207000000",,,"1839",,"273",41.6913676063538
"376",Kommune,cff75a78-ffd4-4148-b59e-a1e4e87f6819,https://data.geonorge.no/sosi/administrativeenheter,"4.2",,"20200207000000",,,"5420",,"255",24.4323374913464
"377",Kommune,98f11f45-4ebe-4e54-9dd5-cb9bebf81cda,https://data.geonorge.no/sosi/administrativeenheter,"4.2",,"20200207000000",,,"1828",,"363",29.8973312664525
"378",Kommune,6f5440e1-0690-4c54-82b5-568b397dd87b,https://data.geonorge.no/sosi/administrativeenheter,"4.2",,"20200207000000",,,"1151",,"364",18.1700857941175
"379",Kommune,d509d684-84c1-4fdb-a2c4-639dbd55df9e,https://data.geonorge.no/sosi/administrativeenheter,"4.2",,"20200207000000",,,"1811",,"251",43.8629761407814
"380",Kommune,886dd687-f7a3-448d-99b5-783b741646cb,https://data.geonorge.no/sosi/administrativeenheter,"4.2",,"20000630000000",,,"3807",,"92",8.84514468926765
"381",Kommune,53c0ceb8-8279-4de2-af36-16c11c871485,https://data.geonorge.no/sosi/administrativeenheter,"4.2",,"20200207000000",,,"3022",,"117",7.28481810932142
"382",Kommune,74273193-b926-40e1-959e-e02c3942dc81,https://data.geonorge.no/sosi/administrativeenheter,"4.2",,"20200207000000",,,"3021",,"158",5.28623099919904
"383",Kommune,c7613671-a3c0-4a17-9f42-8450ce7b0df4,https://data.geonorge.no/sosi/administrativeenheter,"4.2",,"20200207000000",,,"5026",,"150",68.3238443524835
"384",Kommune,75642bdd-fd9e-45d9-b9f2-f47432738fed,https://data.geonorge.no/sosi/administrativeenheter,"4.2",,"20200207000000",,,"1516",,"337",1.836775427348
"385",Kommune,8151c0e9-5926-44dc-93d4-8a47144c0d1f,https://data.geonorge.no/sosi/administrativeenheter,"4.2",,"20200207000000",,,"5404",,"224",71.2599165301643
"386",Kommune,adf34999-9830-4695-a2bd-8eadb7cb0043,https://data.geonorge.no/sosi/administrativeenheter,"4.2",,"20200207000000",,,"4625",,"398",18.8737321927542
"387",Kommune,23c8a246-2a22-4217-bc32-519e97b45f00,https://data.geonorge.no/sosi/administrativeenheter,"4.2",,"20000630000000",,,"3040",,"383",18.2577451527471
"388",Kommune,1f772d03-781f-41ba-9532-348fec03cd17,https://data.geonorge.no/sosi/administrativeenheter,"4.2",,"20190301000000",,,"3030",,"190",14.3088887536225
"389",Kommune,1f772d03-781f-41ba-9532-348fec03cd17,https://data.geonorge.no/sosi/administrativeenheter,"4.2",,"20190301000000",,,"3030",,"197",11.3120518599271
"390",Kommune,1f772d03-781f-41ba-9532-348fec03cd17,https://data.geonorge.no/sosi/administrativeenheter,"4.2",,"20190301000000",,,"3030",,"163",1.59275121424058
"391",Kommune,a1c460d1-b050-4c59-b309-eb5cdc8de2ff,https://data.geonorge.no/sosi/administrativeenheter,"4.2",,"20200207000000",,,"3037",,"357",20.7518080992484
"392",Kommune,e5e35a7f-53c6-4ef4-b5b1-38796d9f00d8,https://data.geonorge.no/sosi/administrativeenheter,"4.2",,"20200207000000",,,"4215",,"15",11.6827162617746
"393",Kommune,d0b3686c-fad0-45d4-bc87-c3c5528ee601,https://data.geonorge.no/sosi/administrativeenheter,"4.2",,"20190225000000",,,"3026",,"310",21.2907859520426
"394",Kommune,d0b3686c-fad0-45d4-bc87-c3c5528ee601,https://data.geonorge.no/sosi/administrativeenheter,"4.2",,"20190225000000",,,"3026",,"362",4.90659126244861
"395",Kommune,ea20afc9-b122-4996-b5ec-291a8cf8a879,https://data.geonorge.no/sosi/administrativeenheter,"4.2",,"20200207000000",,,"3017",,"99",12.7407070768899
"396",Kommune,9c2dca34-8f37-4a68-91bf-5983c18b40a3,https://data.geonorge.no/sosi/administrativeenheter,"4.2",,"20200207000000",,,"3034",,"306",2.58155584468523
"397",Kommune,d844ccd3-0f28-4dd8-9c7a-7c6d71a46123,https://data.geonorge.no/sosi/administrativeenheter,"4.2",,"20200207000000",,,"3411",,"131",13.3873877252979
"398",Kommune,58e7c80f-b9c2-43f6-99b7-4a0ac3eb923b,https://data.geonorge.no/sosi/administrativeenheter,"4.2",,"20200207000000",,,"4220",,"387",34.274778852587
"399",Kommune,7ab6dfbf-b403-402b-9a3c-8e9cdf3410e0,https://data.geonorge.no/sosi/administrativeenheter,"4.2",,"20200207000000",,,"3447",,"410",26.7930329079256
"400",Kommune,d83142aa-d004-4a60-86fb-6291b233c2ec,https://data.geonorge.no/sosi/administrativeenheter,"4.2",,"20000630000000",,,"3815",,"221",28.8579838175314
"401",Kommune,123e97ca-43df-4b98-9244-1bf9c98c8076,https://data.geonorge.no/sosi/administrativeenheter,"4.2",,"20000630000000",,,"3816",,"402",15.6137338988144
"402",Kommune,95d47c84-7d5c-4ad6-b05c-3f2e3ec80f82,https://data.geonorge.no/sosi/administrativeenheter,"4.2",,"20200207000000",,,"3423",,"320",54.1575865952923
"403",Kommune,6815741a-a3c3-4011-81a8-97d861af91ee,https://data.geonorge.no/sosi/administrativeenheter,"4.2",,"20200207000000",,,"3422",,"328",41.0138201981583
"404",Kommune,9ac00bfb-2139-44b7-9089-ff48b1acf1ac,https://data.geonorge.no/sosi/administrativeenheter,"4.2",,"20000630000000",,,"3006",,"279",24.3275244440466
"405",Kommune,16d03e0c-78cc-4dbc-aedb-03962284d27e,https://data.geonorge.no/sosi/administrativeenheter,"4.2",,"20200207000000",,,"3027",,"112",8.08199874988146
"406",Kommune,0d7b8902-b8a3-4e1e-a9fc-df5b2733c617,https://data.geonorge.no/sosi/administrativeenheter,"4.2",,"20200207000000",,,"3011",,"183",16.5532737592748
"407",Kommune,9667a7b5-c49d-40fa-9826-25323e7aa30d,https://data.geonorge.no/sosi/administrativeenheter,"4.2",,"20050614000000",,,"3023",,"259",6.0042872340782
"408",Kommune,f4cc75d3-031e-48c7-ba78-66df9002c07a,https://data.geonorge.no/sosi/administrativeenheter,"4.2",,"20000630000000",,,"3038",,"316",13.5476082474382
"409",Kommune,ce0fae43-1f8d-4da4-97b4-4a4961e923c0,https://data.geonorge.no/sosi/administrativeenheter,"4.2",,"20200207000000",,,"3003",,"349",2.04391375934588
"410",Kommune,f5284a4c-bf96-4050-bb44-ed9c2cbe94be,https://data.geonorge.no/sosi/administrativeenheter,"4.2",,"20200207000000",,,"3451",,"404",0.608948332542282
"411",Kommune,76f0d01d-8f55-4360-b240-952bb85dddff,https://data.geonorge.no/sosi/administrativeenheter,"4.2",,"20200207000000",,,"4221",,"387",67.8739851544843
"412",Kommune,30769506-ab4d-4a00-ab02-2eb28bfb5a90,https://data.geonorge.no/sosi/administrativeenheter,"4.2",,"20200207000000",,,"4222",,"385",79.6653501111264
"413",Kommune,1b838adc-5167-4b55-a773-fadbadee84b2,https://data.geonorge.no/sosi/administrativeenheter,"4.2",,"20030701000000",,,"3401",,"286",39.6114595437291
"414",Kommune,04640fc1-a9a2-449a-b5b7-0dc8ea50dd32,https://data.geonorge.no/sosi/administrativeenheter,"4.2",,"20200207000000",,,"4226",,"314",37.0632929610104
"415",Kommune,3e0e7fb7-a067-4e5c-be22-ad58c7124d63,https://data.geonorge.no/sosi/administrativeenheter,"4.2",,"20200207000000",,,"3012",,"115",20.8227614527257
"416",Kommune,39eabef1-5fa1-408b-b011-2e233713c784,https://data.geonorge.no/sosi/administrativeenheter,"4.2",,"20200207000000",,,"3036",,"357",12.8568228826367
"417",Kommune,9948d9bd-c661-41d0-b47e-cb077fe231b9,https://data.geonorge.no/sosi/administrativeenheter,"4.2",,"20200207000000",,,"3015",,"283",11.5705018197044
"418",Kommune,1e84e1f2-4a95-4d04-9651-c68318d93127,https://data.geonorge.no/sosi/administrativeenheter,"4.2",,"20200207000000",,,"3004",,"122",1.53091433400782
"419",Kommune,6c179cd5-1d65-45df-b522-99168b93a84e,https://data.geonorge.no/sosi/administrativeenheter,"4.2",,"20200207000000",,,"3446",,"423",32.5459410480829
"420",Kommune,12ddd70c-6a04-4194-804d-85ca51457dc6,https://data.geonorge.no/sosi/administrativeenheter,"4.2",,"20200207000000",,,"3434",,"319",67.5492479401102
"421",Kommune,ff289cbb-14c8-4c74-8a31-896b2c175667,https://data.geonorge.no/sosi/administrativeenheter,"4.2",,"20200207000000",,,"3421",,"149",2.03404959205968
"422",Kommune,9f5a089b-9f44-44d9-926c-96e03732e7ef,https://data.geonorge.no/sosi/administrativeenheter,"4.2",,"20030630000000",,,"3018",,"84",13.0445430087727
"423",Kommune,17b84acb-5f26-45ee-a0aa-728a32c95f84,https://data.geonorge.no/sosi/administrativeenheter,"4.2",,"20200207000000",,,"3433",,"400",61.6458045001164
"424",Kommune,b54ccf70-e272-4151-9700-7f80ce70cb38,https://data.geonorge.no/sosi/administrativeenheter,"4.2",,"20000630000000",,,"3813",,"175",15.2353500412936
"425",Kommune,a6d3e1db-c015-4f66-9913-eafb3cb277d5,https://data.geonorge.no/sosi/administrativeenheter,"4.2",,"20200207000000",,,"3001",,"115",7.70142661181447
"426",Kommune,837c552b-3a67-43ce-9d5d-5908397f3f74,https://data.geonorge.no/sosi/administrativeenheter,"4.2",,"20000630000000",,,"3812",,"92",13.2825436850253
