fid,objtype,lokalid,navnerom,versjonid,datafangstdato,oppdateringsdato,datauttaksdato,opphav,kommunenummer,navn,Turnover_capita_retail_Omsetning
"1",Kommune,fe328f8d-fbde-4c21-ab28-cbc583be401f,https://data.geonorge.no/sosi/administrativeenheter,"4.2",,"20200207000000",,,"5031",,"45257"
"2",Kommune,dadfaa2a-7413-4fb4-a6f5-aa3b5dbf0507,https://data.geonorge.no/sosi/administrativeenheter,"4.2",,"20200207000000",,,"4636",,"70481"
"3",Kommune,5b6fe7ff-260e-4a9e-b203-b83a71eb0a56,https://data.geonorge.no/sosi/administrativeenheter,"4.2",,"20200207000000",,,"3019",,"139418"
"4",Kommune,ffd39f1e-f20e-4559-80c9-42b911aac29b,https://data.geonorge.no/sosi/administrativeenheter,"4.2",,"20200207000000",,,"3032",,"34225"
"5",Kommune,e4f877ca-9330-4830-85d8-d116a738be2a,https://data.geonorge.no/sosi/administrativeenheter,"4.2",,"20000630000000",,,"3043",,"100450"
"6",Kommune,5c57c0a1-e908-4088-aa8f-cb7f9ab0200a,https://data.geonorge.no/sosi/administrativeenheter,"4.2",,"20200207000000",,,"4218",,"25381"
"7",Kommune,d0978550-67a8-4af7-9c21-1ca80f6bdbfa,https://data.geonorge.no/sosi/administrativeenheter,"4.2",,"20000630000000",,,"3820",,"180908"
"8",Kommune,0eb906fa-62e4-42e2-b0b6-26177b4009d4,https://data.geonorge.no/sosi/administrativeenheter,"4.2",,"20200207000000",,,"3801",,"93745"
"9",Kommune,6d39c208-6c56-4a41-9295-c1078927ac6b,https://data.geonorge.no/sosi/administrativeenheter,"4.2",,"20200207000000",,,"3435",,"70217"
"10",Kommune,0930dfed-de16-48c3-aaa5-0dd56cb2661b,https://data.geonorge.no/sosi/administrativeenheter,"4.2",,"20030701000000",,,"3416",,"54901"
"11",Kommune,25c2b192-c6b5-4d2c-ba4e-08ab31b4432d,https://data.geonorge.no/sosi/administrativeenheter,"4.2",,"20200207000000",,,"4212",,"66135"
"12",Kommune,0f682c0f-c483-4ebf-9dd9-32c75b4caaa1,https://data.geonorge.no/sosi/administrativeenheter,"4.2",,"20200207000000",,,"4211",,"163505"
"13",Kommune,b4732779-db16-478c-b95d-0e0f1d470ba6,https://data.geonorge.no/sosi/administrativeenheter,"4.2",,"20200207000000",,,"3425",,"59085"
"14",Kommune,e05680be-2c9d-4aac-9cb7-a65cba8a532f,https://data.geonorge.no/sosi/administrativeenheter,"4.2",,"20200207000000",,,"3031",,"52843"
"15",Kommune,4073df8a-38ee-4d9e-906d-b5758778013e,https://data.geonorge.no/sosi/administrativeenheter,"4.2",,"20200207000000",,,"3454",,"86854"
"16",Kommune,c8cf8dce-0b85-45a2-968c-a17942dd64b4,https://data.geonorge.no/sosi/administrativeenheter,"4.2",,"20200207000000",,,"3415",,"75227"
"17",Kommune,cbc345bd-70cc-4131-85b5-534428553212,https://data.geonorge.no/sosi/administrativeenheter,"4.2",,"20200207000000",,,"3432",,"47902"
"18",Kommune,a850598b-bdbf-4d9c-b19a-a0bded54b92a,https://data.geonorge.no/sosi/administrativeenheter,"4.2",,"20200207000000",,,"4228",,"83999"
"19",Kommune,82d4c807-e1cd-4941-9015-8c0d7960ced5,https://data.geonorge.no/sosi/administrativeenheter,"4.2",,"20000630000000",,,"3819",,"63280"
"20",Kommune,1ca0f13d-e85d-44fe-897d-82b3dd555c1a,https://data.geonorge.no/sosi/administrativeenheter,"4.2",,"20200207000000",,,"3033",,"131110"
"21",Kommune,fa62d974-11c6-438b-a9af-786cd76f3474,https://data.geonorge.no/sosi/administrativeenheter,"4.2",,"20000630000000",,,"3051",,"81382"
"22",Kommune,17a11e84-eb13-4aaa-8298-d4a0c848a837,https://data.geonorge.no/sosi/administrativeenheter,"4.2",,"20200207000000",,,"3414",,"54369"
"23",Kommune,ac7e05cd-fb07-4270-ad95-e3c32c1370d0,https://data.geonorge.no/sosi/administrativeenheter,"4.2",,"20170103000000",,,"3804",,"193700"
"24",Kommune,8d31abbc-48e2-462f-aceb-45c757ee552a,https://data.geonorge.no/sosi/administrativeenheter,"4.2",,"20000630000000",,,"3041",,"218728"
"25",Kommune,4fa5acd2-865e-432f-9b22-a1c77c40fb10,https://data.geonorge.no/sosi/administrativeenheter,"4.2",,"20000630000000",,,"3050",,"71776"
"26",Kommune,af40bc87-d843-4118-8fae-d79e8a39ec3b,https://data.geonorge.no/sosi/administrativeenheter,"4.2",,"20200207000000",,,"3439",,"113352"
"27",Kommune,62099986-00d2-40d1-91d2-27c4403a1889,https://data.geonorge.no/sosi/administrativeenheter,"4.2",,"20200207000000",,,"3029",,"141538"
"28",Kommune,6b6b547f-cb7a-4ee4-877c-527a15436b5d,https://data.geonorge.no/sosi/administrativeenheter,"4.2",,"20200207000000",,,"3437",,"101393"
"29",Kommune,05ca13f5-6ac0-45c2-a90b-d6e6cd0c97ab,https://data.geonorge.no/sosi/administrativeenheter,"4.2",,"20000630000000",,,"3042",,"186815"
"30",Kommune,3509e7d4-20e1-45d0-95aa-96cdbcc89928,https://data.geonorge.no/sosi/administrativeenheter,"4.2",,"20200207000000",,,"3438",,"45073"
"31",Kommune,4bf79306-89f1-4b09-a566-f246932e74f1,https://data.geonorge.no/sosi/administrativeenheter,"4.2",,"20200207000000",,,"3431",,"96806"
"32",Kommune,e204d602-bd11-4323-8651-5f7e103a7cd9,https://data.geonorge.no/sosi/administrativeenheter,"4.2",,"20200207000000",,,"4227",,"73214"
"33",Kommune,0ba35d78-bc81-4eb9-829d-2f6f77723754,https://data.geonorge.no/sosi/administrativeenheter,"4.2",,"20200207000000",,,"3035",,"75422"
"34",Kommune,3eb0d321-8929-4ee2-a7f4-d92e06cd15d7,https://data.geonorge.no/sosi/administrativeenheter,"4.2",,"20200207000000",,,"3418",,"91631"
"35",Kommune,00c8db8e-e381-4515-81ce-d6dca496c443,https://data.geonorge.no/sosi/administrativeenheter,"4.2",,"20200207000000",,,"4216",,"40033"
"36",Kommune,f25a6be2-d809-4eb4-806b-d2fab4c9ca09,https://data.geonorge.no/sosi/administrativeenheter,"4.2",,"20200207000000",,,"4201",,"96946"
"37",Kommune,bc7b84b8-b363-4588-8cf6-3c370afc1e1c,https://data.geonorge.no/sosi/administrativeenheter,"4.2",,"20190301000000",,,"3803",,"131182"
"38",Kommune,b9fe496b-8cbf-4c7e-bf49-8392a8f54fb6,https://data.geonorge.no/sosi/administrativeenheter,"4.2",,"20190301000000",,,"4631",,"75353"
"39",Kommune,7fc5dd85-a0e9-48cd-9188-e716c23c5263,https://data.geonorge.no/sosi/administrativeenheter,"4.2",,"20200207000000",,,"1845",,"27348"
"40",Kommune,ea27c7d3-cf73-4a79-b1b7-75abd0b3cf20,https://data.geonorge.no/sosi/administrativeenheter,"4.2",,"20200207000000",,,"1871",,"81787"
"41",Kommune,64df7598-63d0-4d44-81c6-f5a0780bd9d4,https://data.geonorge.no/sosi/administrativeenheter,"4.2",,"20200207000000",,,"4613",,"62053"
"42",Kommune,e320f269-23c2-4ae8-922e-b92fe684e96c,https://data.geonorge.no/sosi/administrativeenheter,"4.2",,"20200207000000",,,"1101",,"98494"
"43",Kommune,1cabf42b-692c-413e-ac59-fa810cef7d1f,https://data.geonorge.no/sosi/administrativeenheter,"4.2",,"20200207000000",,,"4630",,"45126"
"44",Kommune,e1064c65-a858-4dcb-9e43-fd2393261909,https://data.geonorge.no/sosi/administrativeenheter,"4.2",,"20000630000000",,,"4620",,"36320"
"45",Kommune,6756c184-c5d6-4e90-aed1-eb4bc61f387d,https://data.geonorge.no/sosi/administrativeenheter,"4.2",,"20200207000000",,,"5413",,"43758"
"46",Kommune,e7c86115-3d9e-43e6-82fb-c2c05f4c215e,https://data.geonorge.no/sosi/administrativeenheter,"4.2",,"20200207000000",,,"4643",,"94106"
"47",Kommune,92291601-dbeb-432a-b640-eb31d0ac6ff0,https://data.geonorge.no/sosi/administrativeenheter,"4.2",,"20200207000000",,,"5041",,"42339"
"48",Kommune,970cfdc1-1760-4e05-995a-c889068cac44,https://data.geonorge.no/sosi/administrativeenheter,"4.2",,"20060101000000",,,"1576",,"65488"
"49",Kommune,7edb0a10-2bd0-4351-a78d-ba2d1c23728e,https://data.geonorge.no/sosi/administrativeenheter,"4.2",,"20000630000000",,,"3824",,"44890"
"50",Kommune,b69eddc8-cbd7-44df-a80c-a1cf6601e521,https://data.geonorge.no/sosi/administrativeenheter,"4.2",,"20200207000000",,,"4214",,"65685"
"51",Kommune,1bc0eed6-ca90-4c76-b363-fb9bebc761cc,https://data.geonorge.no/sosi/administrativeenheter,"4.2",,"20200207000000",,,"5031",,"45257"
"52",Kommune,8e2e4d7c-17ba-46d1-ae77-f5cd29ed16ca,https://data.geonorge.no/sosi/administrativeenheter,"4.2",,"20200207000000",,,"1531",,"53773"
"53",Kommune,f946e9a0-2bda-46e6-89d3-c696d4be79d5,https://data.geonorge.no/sosi/administrativeenheter,"4.2",,"20200207000000",,,"4616",,"65175"
"54",Kommune,6a2d3b05-202e-4f35-bb90-340c95610edb,https://data.geonorge.no/sosi/administrativeenheter,"4.2",,"20200207000000",,,"4642",,"68772"
"55",Kommune,1c05aa4d-4c4d-4869-af88-406b25842381,https://data.geonorge.no/sosi/administrativeenheter,"4.2",,"20200207000000",,,"5042",,"34684"
"56",Kommune,718c439f-412f-4d29-9ae5-63649a33d1eb,https://data.geonorge.no/sosi/administrativeenheter,"4.2",,"20200207000000",,,"1804",,"107549"
"57",Kommune,9b992a9e-edf4-413f-afb1-85ca757fc457,https://data.geonorge.no/sosi/administrativeenheter,"4.2",,"20200207000000",,,"4615",,"57527"
"58",Kommune,e15ec547-2b87-4765-8301-13230485dfa6,https://data.geonorge.no/sosi/administrativeenheter,"4.2",,"20200207000000",,,"1832",,"44218"
"59",Kommune,0c43df46-5632-4137-9d16-5f91d1a3926c,https://data.geonorge.no/sosi/administrativeenheter,"4.2",,"20200207000000",,,"5417",,"98632"
"60",Kommune,f97a23b9-4d66-4796-9aee-f9e06d5eb9ca,https://data.geonorge.no/sosi/administrativeenheter,"4.2",,"20200207000000",,,"1816",,"36475"
"61",Kommune,cb8b5dc4-2e75-476d-988f-9f4b1307d8f0,https://data.geonorge.no/sosi/administrativeenheter,"4.2",,"20200207000000",,,"5411",,"46555"
"62",Kommune,6aa031bd-5108-498f-bf09-0f113b5afe50,https://data.geonorge.no/sosi/administrativeenheter,"4.2",,"20200207000000",,,"4623",,"54780"
"63",Kommune,88471efb-83cb-4382-b5b5-6c7bde18163f,https://data.geonorge.no/sosi/administrativeenheter,"4.2",,"20200207000000",,,"1528",,"71045"
"64",Kommune,3d4c47ef-da17-4fb3-ba70-fc5f7b91b2e5,https://data.geonorge.no/sosi/administrativeenheter,"4.2",,"20200207000000",,,"1874",,"55059"
"65",Kommune,42ec0811-e0e3-42bb-9645-293057222601,https://data.geonorge.no/sosi/administrativeenheter,"4.2",,"20200207000000",,,"3024",,"96159"
"66",Kommune,2bdfc1fd-8d82-4680-8230-6deed0161941,https://data.geonorge.no/sosi/administrativeenheter,"4.2",,"20200207000000",,,"4627",,"64902"
"67",Kommune,0e48ed51-ce27-45c0-b7bc-76ff37405c6a,https://data.geonorge.no/sosi/administrativeenheter,"4.2",,"20200207000000",,,"1121",,"117090"
"68",Kommune,37ef1fcd-1a99-4f6c-bee4-41c70b8fc1cb,https://data.geonorge.no/sosi/administrativeenheter,"4.2",,"20200207000000",,,"1146",,"51479"
"69",Kommune,9d37c2e1-9376-4b36-b56c-4116384e18d1,https://data.geonorge.no/sosi/administrativeenheter,"4.2",,"20200207000000",,,"1144",,"42108"
"70",Kommune,fe5f31c2-8d83-4290-89ae-7a28632dd057,https://data.geonorge.no/sosi/administrativeenheter,"4.2",,"20200207000000",,,"1135",,"90674"
"71",Kommune,f18707e6-8ce4-4b0b-b614-501ebb1692eb,https://data.geonorge.no/sosi/administrativeenheter,"4.2",,"20200207000000",,,"1851",,"72748"
"72",Kommune,602ba259-f046-428c-ab57-ce0428bd5bb4,https://data.geonorge.no/sosi/administrativeenheter,"4.2",,"20000630000000",,,"4601",,"105822"
"73",Kommune,728b21bc-5980-4fbd-bf23-86d22b0f8b68,https://data.geonorge.no/sosi/administrativeenheter,"4.2",,"20200207000000",,,"5427",,"72903"
"74",Kommune,8fd2c6df-babc-4a49-ac5b-afdd390518d5,https://data.geonorge.no/sosi/administrativeenheter,"4.2",,"20200207000000",,,"1860",,"116524"
"75",Kommune,5aad93ea-c518-4c26-8a75-d99d1c4322cc,https://data.geonorge.no/sosi/administrativeenheter,"4.2",,"20200207000000",,,"1856",,"78527"
"76",Kommune,44af1277-ae62-491c-9918-23fba520b954,https://data.geonorge.no/sosi/administrativeenheter,"4.2",,"20200207000000",,,"3417",,"58006"
"77",Kommune,4ccbb9f7-560e-4d5e-9dce-13be03868c75,https://data.geonorge.no/sosi/administrativeenheter,"4.2",,"20200207000000",,,"3053",,"73422"
"78",Kommune,7ff82dc8-0271-4e0f-a758-cee0292b8ceb,https://data.geonorge.no/sosi/administrativeenheter,"4.2",,"20200207000000",,,"3449",,"74365"
"79",Kommune,4df569ef-5dfd-4534-b057-7caf2fe8d49d,https://data.geonorge.no/sosi/administrativeenheter,"4.2",,"20200207000000",,,"3013",,"56417"
"80",Kommune,1796b772-f145-4c22-a613-47b0be9a85c9,https://data.geonorge.no/sosi/administrativeenheter,"4.2",,"20000630000000",,,"3806",,"88951"
"81",Kommune,c407bca0-3d6a-4bcd-8423-fa46adf31267,https://data.geonorge.no/sosi/administrativeenheter,"4.2",,"20000630000000",,,"3822",,"100627"
"82",Kommune,3cd9325d-771b-427b-a4c0-85068ee74cbb,https://data.geonorge.no/sosi/administrativeenheter,"4.2",,"20200207000000",,,"3420",,"109657"
"83",Kommune,ab1646a5-afb3-4c8b-8045-ce233ec8c039,https://data.geonorge.no/sosi/administrativeenheter,"4.2",,"20050701000000",,,"3430",,"33273"
"84",Kommune,d4000778-bb1d-4f8c-a0d2-7788d5dda5c3,https://data.geonorge.no/sosi/administrativeenheter,"4.2",,"20000630000000",,,"3052",,"97912"
"85",Kommune,600326ee-11ae-4d9d-bbaf-2ab459540995,https://data.geonorge.no/sosi/administrativeenheter,"4.2",,"20200207000000",,,"3441",,"70454"
"86",Kommune,0db85919-28bf-4d3c-8972-130b0fb5376e,https://data.geonorge.no/sosi/administrativeenheter,"4.2",,"20000630000000",,,"3039",,"162921"
"87",Kommune,3ff12043-3562-45a7-ad3a-093ae2b53999,https://data.geonorge.no/sosi/administrativeenheter,"4.2",,"20200207000000",,,"1517",,"43447"
"88",Kommune,f630dc4c-6297-4a96-a93f-40e30422c131,https://data.geonorge.no/sosi/administrativeenheter,"4.2",,"20200207000000",,,"3412",,"48719"
"89",Kommune,3e4c0835-3425-4f81-8cee-b047d5c559d4,https://data.geonorge.no/sosi/administrativeenheter,"4.2",,"20200207000000",,,"1535",,"68862"
"90",Kommune,ec2a87f2-8dfa-4fb1-af0b-a9fc64979f14,https://data.geonorge.no/sosi/administrativeenheter,"4.2",,"20200207000000",,,"4206",,"95605"
"91",Kommune,d5f5bcef-38b4-4bb5-93b8-cb68bf34746b,https://data.geonorge.no/sosi/administrativeenheter,"4.2",,"20200207000000",,,"4648",,"39162"
"92",Kommune,d524ccd1-48fd-435d-ab78-75bc0c7bc2a7,https://data.geonorge.no/sosi/administrativeenheter,"4.2",,"20200207000000",,,"1532",,"48256"
"93",Kommune,031025af-21ad-4f36-976d-7ab8f31c8910,https://data.geonorge.no/sosi/administrativeenheter,"4.2",,"20200207000000",,,"3440",,"92497"
"94",Kommune,4dec3cc9-e515-4fa9-ba7f-9387e1c8800c,https://data.geonorge.no/sosi/administrativeenheter,"4.2",,"20200207000000",,,"1818",,"102202"
"95",Kommune,1ab3cedd-013f-487a-9e8c-9a7f2c6f5354,https://data.geonorge.no/sosi/administrativeenheter,"4.2",,"20200207000000",,,"1515",,"81674"
"96",Kommune,b7367e0d-2972-4d9c-93a5-431a10122ac3,https://data.geonorge.no/sosi/administrativeenheter,"4.2",,"20200207000000",,,"5434",,"73671"
"97",Kommune,8bbe531e-9251-425a-aff7-06395d4e3e52,https://data.geonorge.no/sosi/administrativeenheter,"4.2",,"20200207000000",,,"4213",,"125182"
"98",Kommune,f312a830-5884-4741-8b23-7e1352a1a113,https://data.geonorge.no/sosi/administrativeenheter,"4.2",,"20200207000000",,,"5049",,"59243"
"99",Kommune,502e2b5d-2bf1-4dd6-a48f-0692e729f364,https://data.geonorge.no/sosi/administrativeenheter,"4.2",,"20200207000000",,,"5020",,"34686"
"100",Kommune,2f058caf-4db8-454d-84df-ef7d633c5ed6,https://data.geonorge.no/sosi/administrativeenheter,"4.2",,"20200207000000",,,"3405",,"127979"
"101",Kommune,e5aeee32-1cd2-4dc5-81d1-4a62460be55d,https://data.geonorge.no/sosi/administrativeenheter,"4.2",,"20200207000000",,,"5052",,"58964"
"102",Kommune,acbef55a-a616-4845-ab4f-a5a9ea6b0e98,https://data.geonorge.no/sosi/administrativeenheter,"4.2",,"20200207000000",,,"5437",,"52698"
"103",Kommune,97e07234-6c9b-4b9f-a685-3a016d39b302,https://data.geonorge.no/sosi/administrativeenheter,"4.2",,"20200207000000",,,"5415",,"50427"
"104",Kommune,3622cd40-32ca-45e5-9457-68f459f22fed,https://data.geonorge.no/sosi/administrativeenheter,"4.2",,"20200207000000",,,"5043",,"29120"
"105",Kommune,b45137f4-e95c-42aa-85a4-cd5311be2279,https://data.geonorge.no/sosi/administrativeenheter,"4.2",,"20200207000000",,,"5034",,"49890"
"106",Kommune,4e8f0138-2f58-473c-91fe-813ea0bfcc6a,https://data.geonorge.no/sosi/administrativeenheter,"4.2",,"20200207000000",,,"5027",,"84065"
"107",Kommune,eb193bc4-8fe7-475e-80e1-596559a90945,https://data.geonorge.no/sosi/administrativeenheter,"4.2",,"20190304000000",,,"5058",,"101822"
"108",Kommune,5b5f81f4-5cc8-48a0-ae54-276032124929,https://data.geonorge.no/sosi/administrativeenheter,"4.2",,"20200207000000",,,"5061",,"44243"
"109",Kommune,287b1925-357d-49b5-93e4-e57f1c6c48b4,https://data.geonorge.no/sosi/administrativeenheter,"4.2",,"20200207000000",,,"1825",,"30036"
"110",Kommune,6f4737c7-908c-4c1a-918b-8e1a5b20ef6b,https://data.geonorge.no/sosi/administrativeenheter,"4.2",,"20200207000000",,,"4637",,"42803"
"111",Kommune,4e93a0d0-eeda-47e1-83f4-cbc9103b6371,https://data.geonorge.no/sosi/administrativeenheter,"4.2",,"20200207000000",,,"5046",,"28111"
"112",Kommune,81fcfb11-829c-4676-93e6-69d4ba3b4fe1,https://data.geonorge.no/sosi/administrativeenheter,"4.2",,"20200207000000",,,"1826",,"48958"
"113",Kommune,5c28ff58-9e10-493a-a12c-df15d41cebd4,https://data.geonorge.no/sosi/administrativeenheter,"4.2",,"20200207000000",,,"1122",,"95528"
"114",Kommune,b3e95560-b2c2-4f41-b51e-9c90b487fec0,https://data.geonorge.no/sosi/administrativeenheter,"4.2",,"20200207000000",,,"1114",,"43840"
"115",Kommune,8391ebe6-293c-4709-a0c5-a15824b58fdd,https://data.geonorge.no/sosi/administrativeenheter,"4.2",,"20200207000000",,,"5441",,"59257"
"116",Kommune,5bdc379c-ef04-496f-a65f-9a6ca5cb66e4,https://data.geonorge.no/sosi/administrativeenheter,"4.2",,"20200207000000",,,"1834",,"96742"
"117",Kommune,1d284acf-fc2c-4a5c-ae34-4e5afe0bec77,https://data.geonorge.no/sosi/administrativeenheter,"4.2",,"20200207000000",,,"4646",,"69771"
"118",Kommune,c380ea63-1619-400b-8d47-dede3749f5b8,https://data.geonorge.no/sosi/administrativeenheter,"4.2",,"20200207000000",,,"4622",,"94690"
"119",Kommune,753d80fa-0806-4a1d-820d-a15e197c261d,https://data.geonorge.no/sosi/administrativeenheter,"4.2",,"20080101000000",,,"1505",,"112766"
"120",Kommune,198eef71-90ea-47f4-acd3-1e21b80e39a3,https://data.geonorge.no/sosi/administrativeenheter,"4.2",,"20200207000000",,,"1813",,"100876"
"121",Kommune,511c60a9-d307-4c31-ac25-781af6330c27,https://data.geonorge.no/sosi/administrativeenheter,"4.2",,"20190315000000","20211101000000","Matrikkelen, Kommunegrenser-SOSI (MAT0016)","4618",,"87381"
"122",Kommune,8a4368df-49d2-4860-ba79-95dec7a8f69d,https://data.geonorge.no/sosi/administrativeenheter,"4.2",,"20200207000000",,,"4645",,"69714"
"123",Kommune,6880c18a-f70c-4b08-bde5-7c0ac01acac3,https://data.geonorge.no/sosi/administrativeenheter,"4.2",,"20190304000000",,,"5006",,"118632"
"124",Kommune,acb787f3-83a1-4deb-b2c2-4852a0d39a74,https://data.geonorge.no/sosi/administrativeenheter,"4.2",,"20200207000000",,,"1127",,"71720"
"125",Kommune,eba4a975-03b9-4257-ae9b-ab447574d180,https://data.geonorge.no/sosi/administrativeenheter,"4.2",,"20200207000000",,,"1520",,"87950"
"126",Kommune,09f76545-99bb-45f0-99e6-692a92f4081c,https://data.geonorge.no/sosi/administrativeenheter,"4.2",,"20190304000000",,,"5060",,"92644"
"127",Kommune,54e5adae-5e1f-42df-bcfe-d23a55d2bcef,https://data.geonorge.no/sosi/administrativeenheter,"4.2",,"20190301000000",,,"4602",,"91661"
"128",Kommune,8f8498b7-16fe-4793-a8f4-45c17d026f76,https://data.geonorge.no/sosi/administrativeenheter,"4.2",,"20190301000000",,,"4649",,"98413"
"129",Kommune,164e6569-2171-4f1a-aead-0fdba4c089d7,https://data.geonorge.no/sosi/administrativeenheter,"4.2",,"20000630000000",,,"3808",,"125625"
"130",Kommune,ba889808-a24b-41b5-ab28-410804599e22,https://data.geonorge.no/sosi/administrativeenheter,"4.2",,"20200207000000",,,"1836",,"104566"
"131",Kommune,417e942c-90ff-4297-86bc-9ae97da886b7,https://data.geonorge.no/sosi/administrativeenheter,"4.2",,"20200207000000",,,"5054",,"64581"
"132",Kommune,59052a09-adad-48e8-9bae-0a20ffca79d1,https://data.geonorge.no/sosi/administrativeenheter,"4.2",,"20200207000000",,,"5025",,"133219"
"133",Kommune,a958447a-bec5-414e-adfd-5b2a5311e3dc,https://data.geonorge.no/sosi/administrativeenheter,"4.2",,"20200207000000",,,"5033",,"67050"
"134",Kommune,c0cb164d-c3e4-4744-a925-49f48f46b3e9,https://data.geonorge.no/sosi/administrativeenheter,"4.2",,"20170103000000",,,"1841",,"119786"
"135",Kommune,0ef8e159-6830-4920-869a-83ffdd074340,https://data.geonorge.no/sosi/administrativeenheter,"4.2",,"20200207000000",,,"5442",,"23550"
"136",Kommune,88a5d065-bb43-4e0e-8d0b-bca963d062aa,https://data.geonorge.no/sosi/administrativeenheter,"4.2",,"20200207000000",,,"5443",,"73286"
"137",Kommune,1186aae1-e02e-4b65-81a3-cbde27cc46d1,https://data.geonorge.no/sosi/administrativeenheter,"4.2",,"20200207000000",,,"1812",,"96223"
"138",Kommune,75bac93e-de89-4bc1-a0d4-775cdcf8f423,https://data.geonorge.no/sosi/administrativeenheter,"4.2",,"20190318000000",,,"1547",,"46988"
"139",Kommune,eaeafecc-504c-4d2e-83f2-6d104d14b3a0,https://data.geonorge.no/sosi/administrativeenheter,"4.2",,"20170103000000",,,"3804",,"193700"
"140",Kommune,29cbae47-572b-4871-874e-931323ad34d1,https://data.geonorge.no/sosi/administrativeenheter,"4.2",,"20200207000000",,,"5035",,"106297"
"141",Kommune,a3c6c83a-5ef4-4e11-a0c3-e454c9f82766,https://data.geonorge.no/sosi/administrativeenheter,"4.2",,"20200207000000",,,"3452",,"64006"
"142",Kommune,2e32159b-6a67-4baf-8cd9-0b3899f43d72,https://data.geonorge.no/sosi/administrativeenheter,"4.2",,"20000630000000",,,"3823",,"57018"
"143",Kommune,69955d74-46c1-4e31-a1d8-ccc5bb578701,https://data.geonorge.no/sosi/administrativeenheter,"4.2",,"20200207000000",,,"3407",,"119388"
"144",Kommune,afb7764a-6c5a-4a0a-94fe-e02d3390d5a4,https://data.geonorge.no/sosi/administrativeenheter,"4.2",,"20200207000000",,,"3028",,"63501"
"145",Kommune,9def2406-0c19-4e3e-aef1-089b0e69f926,https://data.geonorge.no/sosi/administrativeenheter,"4.2",,"20200207000000",,,"3429",,"50724"
"146",Kommune,2236475d-71c8-48c5-90d1-7055c065305a,https://data.geonorge.no/sosi/administrativeenheter,"4.2",,"20200207000000",,,"3054",,"55033"
"147",Kommune,0a511fd7-9fb7-4bff-8322-6b720461c34a,https://data.geonorge.no/sosi/administrativeenheter,"4.2",,"20000630000000",,,"3044",,"155465"
"148",Kommune,24d908d1-655e-4cfd-9f06-d94dae84b43a,https://data.geonorge.no/sosi/administrativeenheter,"4.2",,"20200207000000",,,"4223",,"61625"
"149",Kommune,41fc71df-b2ed-4fde-9b4b-1f2aeba338d3,https://data.geonorge.no/sosi/administrativeenheter,"4.2",,"20200207000000",,,"4224",,"44958"
"150",Kommune,6fa0e284-ac3b-4ffc-8073-a6c95b339d73,https://data.geonorge.no/sosi/administrativeenheter,"4.2",,"20200207000000",,,"3450",,"55430"
"151",Kommune,f9b0d8a0-4a00-4353-9a28-10e0f91f515e,https://data.geonorge.no/sosi/administrativeenheter,"4.2",,"20200207000000",,,"3016",,"66120"
"152",Kommune,71d8fb41-ca12-4678-901b-6614cc354a43,https://data.geonorge.no/sosi/administrativeenheter,"4.2",,"20000630000000",,,"3818",,"96731"
"153",Kommune,e06e8cb6-f18d-46d4-9c5b-30a119ecd02e,https://data.geonorge.no/sosi/administrativeenheter,"4.2",,"20000630000000",,,"3045",,"71879"
"154",Kommune,57f4f1e3-a68a-4e19-b1dc-1e2df6d2a620,https://data.geonorge.no/sosi/administrativeenheter,"4.2",,"20200207000000",,,"3426",,"30113"
"155",Kommune,dbcd6009-d567-44e1-b075-260f19c503ff,https://data.geonorge.no/sosi/administrativeenheter,"4.2",,"20200207000000",,,"4217",,"216604"
"156",Kommune,314cf49e-afb3-466e-a12f-1df87b34ee3f,https://data.geonorge.no/sosi/administrativeenheter,"4.2",,"20200207000000",,,"3428",,"44127"
"157",Kommune,32e90869-c2ce-4390-9efb-93965e44a2ac,https://data.geonorge.no/sosi/administrativeenheter,"4.2",,"20000630000000",,,"3821",,"54429"
"158",Kommune,0f821a2d-a307-41ec-9b64-f01c80e39357,https://data.geonorge.no/sosi/administrativeenheter,"4.2",,"20200207000000",,,"3424",,"56819"
"159",Kommune,a2b4ac1b-74a5-4477-bc99-16fc386e8a5c,https://data.geonorge.no/sosi/administrativeenheter,"4.2",,"20000630000000",,,"3825",,"124728"
"160",Kommune,13900f60-1c4a-4a21-9dd2-37efbcecce02,https://data.geonorge.no/sosi/administrativeenheter,"4.2",,"20200207000000",,,"3403",,"124716"
"161",Kommune,f7c6e517-553a-46a4-8048-781d685aeab3,https://data.geonorge.no/sosi/administrativeenheter,"4.2",,"20200207000000",,,"3442",,"57895"
"162",Kommune,999ff9a4-33de-4ba7-9d39-d27f89752f55,https://data.geonorge.no/sosi/administrativeenheter,"4.2",,"20200207000000",,,"3419",,"39023"
"163",Kommune,f6ea4e51-d376-4c6f-9c95-c83bbe83013a,https://data.geonorge.no/sosi/administrativeenheter,"4.2",,"20000630000000",,,"3007",,"110704"
"164",Kommune,3fbfd0ea-2fc2-4d12-b05a-d3f70913a69e,https://data.geonorge.no/sosi/administrativeenheter,"4.2",,"20200207000000",,,"4202",,"111694"
"165",Kommune,ba7a7903-d55a-4b0e-864a-fe8a2b8bb244,https://data.geonorge.no/sosi/administrativeenheter,"4.2",,"20190222000000",,,"3020",,"101641"
"166",Kommune,ca889b1d-f767-4afc-afed-be95e29ae4fa,https://data.geonorge.no/sosi/administrativeenheter,"4.2",,"20190225000000",,,"3025",,"126960"
"167",Kommune,9f3d9ee1-a622-4515-ac6c-b5b10ebde6f3,https://data.geonorge.no/sosi/administrativeenheter,"4.2",,"20190301000000",,,"4204",,"116785"
"168",Kommune,8520c379-9da9-4a14-92ad-5fd4cd6d5446,https://data.geonorge.no/sosi/administrativeenheter,"4.2",,"20190315000000",,,"4621",,"106257"
"169",Kommune,9d8a9163-f623-4bc9-8a32-669b75915d5a,https://data.geonorge.no/sosi/administrativeenheter,"4.2",,"20200207000000",,,"1848",,"72660"
"170",Kommune,5bf20af1-5430-45a8-b4df-6c50bc30ebb1,https://data.geonorge.no/sosi/administrativeenheter,"4.2",,"20200917000000",,,"1124",,"73393"
"171",Kommune,778af2cb-3c48-4c6c-9841-6a35f2288fb9,https://data.geonorge.no/sosi/administrativeenheter,"4.2",,"20200207000000",,,"5028",,"61822"
"172",Kommune,d4fdef3f-f8d2-414c-ae44-be9fa4bf1e9a,https://data.geonorge.no/sosi/administrativeenheter,"4.2",,"20200207000000",,,"4617",,"92078"
"173",Kommune,a98555c9-41fd-453a-bdd5-560fe23930d0,https://data.geonorge.no/sosi/administrativeenheter,"4.2",,"20200207000000",,,"4612",,"31901"
"174",Kommune,716abf9b-ecff-411a-a0f9-542e7e0debba,https://data.geonorge.no/sosi/administrativeenheter,"4.2",,"20190304000000",,,"5001",,"107906"
"175",Kommune,17af92d9-02dd-497f-8668-9168a3bd6f79,https://data.geonorge.no/sosi/administrativeenheter,"4.2",,"20200207000000",,,"5045",,"101123"
"176",Kommune,5f22812b-9f2b-47e8-b4bf-1d80620f4bf2,https://data.geonorge.no/sosi/administrativeenheter,"4.2",,"20200207000000",,,"4634",,"50382"
"177",Kommune,ad422879-e9f4-4f48-8110-dd294c127405,https://data.geonorge.no/sosi/administrativeenheter,"4.2",,"20200207000000",,,"5419",,"55272"
"178",Kommune,38bc1c6e-d1f2-4979-8988-2549f38f776f,https://data.geonorge.no/sosi/administrativeenheter,"4.2",,"20200207000000",,,"4641",,"89021"
"179",Kommune,d0289985-41ff-4f2a-8eb1-2b41d9f6879c,https://data.geonorge.no/sosi/administrativeenheter,"4.2",,"20200207000000",,,"1525",,"72597"
"180",Kommune,3f2b552c-2a55-4fb4-b9a8-cea2a2e45406,https://data.geonorge.no/sosi/administrativeenheter,"4.2",,"20200207000000",,,"1833",,"106150"
"181",Kommune,93a8d91b-ec0e-42dd-a5fd-840c209e8c1f,https://data.geonorge.no/sosi/administrativeenheter,"4.2",,"20190301000000",,,"4640",,"103894"
"182",Kommune,4ad19919-9e2b-4d0c-b9f0-c0c9d78f3b93,https://data.geonorge.no/sosi/administrativeenheter,"4.2",,"20200207000000",,,"1837",,"83046"
"183",Kommune,c743b3fd-d65d-4361-8197-ed3a8e8d7ab1,https://data.geonorge.no/sosi/administrativeenheter,"4.2",,"20200207000000",,,"1867",,"77412"
"184",Kommune,917cb247-d8f1-46ef-8fc5-decc2cdde6fe,https://data.geonorge.no/sosi/administrativeenheter,"4.2",,"20200207000000",,,"1130",,"84973"
"185",Kommune,64484c75-ecbe-4b32-bbd5-57022e2bb425,https://data.geonorge.no/sosi/administrativeenheter,"4.2",,"20200207000000",,,"5423",,"54432"
"186",Kommune,58ff3e34-807b-4395-999d-9f9b03ac38b1,https://data.geonorge.no/sosi/administrativeenheter,"4.2",,"20200207000000",,,"1822",,"27620"
"187",Kommune,2f8abeb3-f180-4800-84a3-df6653fc9468,https://data.geonorge.no/sosi/administrativeenheter,"4.2",,"20200207000000",,,"0301",,"111526"
"188",Kommune,5ffa97f4-1123-4da4-83ec-ba1095b48a4a,https://data.geonorge.no/sosi/administrativeenheter,"4.2",,"20200207000000",,,"4650",,"85771"
"189",Kommune,0c229077-33b4-4815-b172-29b67cd43b1c,https://data.geonorge.no/sosi/administrativeenheter,"4.2",,"20200207000000",,,"1134",,"62719"
"190",Kommune,b4566a47-7868-430f-9a36-412c6e9dc702,https://data.geonorge.no/sosi/administrativeenheter,"4.2",,"20200207000000",,,"1112",,"65417"
"191",Kommune,4f8bca1c-fdfc-4f15-a31e-aea68932cc0b,https://data.geonorge.no/sosi/administrativeenheter,"4.2",,"20200207000000",,,"1111",,"54252"
"192",Kommune,7b7fda38-64a8-4197-a54c-5244f4dc4d64,https://data.geonorge.no/sosi/administrativeenheter,"4.2",,"20200207000000",,,"1145",,"26767"
"193",Kommune,8d1e0a0a-5bd0-4a21-8e5b-bd3cb2a0d4b7,https://data.geonorge.no/sosi/administrativeenheter,"4.2",,"20190304000000",,,"5421",,"116586"
"194",Kommune,551c1982-1434-450e-a8fe-2b79cd62b1db,https://data.geonorge.no/sosi/administrativeenheter,"4.2",,"20200207000000",,,"4633",,"40316"
"195",Kommune,8fe8934c-b2c2-496d-ae64-2cf37495742b,https://data.geonorge.no/sosi/administrativeenheter,"4.2",,"20200207000000",,,"4614",,"113830"
"196",Kommune,8b91f9f4-22f8-49e8-8b11-32c005e534aa,https://data.geonorge.no/sosi/administrativeenheter,"4.2",,"20200207000000",,,"5418",,"97103"
"197",Kommune,76285d74-fed7-4c42-82d8-792dcaaf2c3e,https://data.geonorge.no/sosi/administrativeenheter,"4.2",,"20200207000000",,,"1838",,"50030"
"198",Kommune,3992cb86-5b7f-4a9d-987b-ea997025b24d,https://data.geonorge.no/sosi/administrativeenheter,"4.2",,"20200207000000","20211101000000","Matrikkelen, Kommunegrenser-SOSI (MAT0016)","4619",,"84614"
"199",Kommune,dbd6250b-1b53-4c6f-8e41-f1b7ba4d3e91,https://data.geonorge.no/sosi/administrativeenheter,"4.2",,"20000630000000",,,"3048",,"69531"
"200",Kommune,624b7261-5dde-4188-be99-c419d90d514f,https://data.geonorge.no/sosi/administrativeenheter,"4.2",,"20190222000000",,,"3005",,"109505"
"201",Kommune,9e5777cd-53da-45e1-9d53-43a0f08d9fc1,https://data.geonorge.no/sosi/administrativeenheter,"4.2",,"20200207000000",,,"4635",,"61027"
"202",Kommune,8a7ad424-0adc-4925-9e04-cf17bd2b4357,https://data.geonorge.no/sosi/administrativeenheter,"4.2",,"20200207000000",,,"4638",,"61877"
"203",Kommune,3f60ce31-325d-4d4a-b023-57ce48f695ec,https://data.geonorge.no/sosi/administrativeenheter,"4.2",,"20200207000000",,,"1560",,"73641"
"204",Kommune,340fff7f-b153-4a87-814d-12ca4f2d1682,https://data.geonorge.no/sosi/administrativeenheter,"4.2",,"20200207000000",,,"5047",,"37084"
"205",Kommune,9e24b188-830d-4fb1-8c27-f3428af8a6b4,https://data.geonorge.no/sosi/administrativeenheter,"4.2",,"20200207000000",,,"5422",,"72904"
"206",Kommune,fb9dc1cb-77dd-40c8-a453-59f870980e7d,https://data.geonorge.no/sosi/administrativeenheter,"4.2",,"20200207000000",,,"5031",,"45257"
"207",Kommune,24f92d31-e356-4e57-97a7-5bf1776ddd0a,https://data.geonorge.no/sosi/administrativeenheter,"4.2",,"20200207000000",,,"1840",,"77601"
"208",Kommune,351ba144-37bc-4d7b-a5bf-a3b2ddcb87a2,https://data.geonorge.no/sosi/administrativeenheter,"4.2",,"20200207000000",,,"1133",,"51955"
"209",Kommune,c0109514-1ba9-49a2-9063-15e89cb03e55,https://data.geonorge.no/sosi/administrativeenheter,"4.2",,"20200207000000",,,"5014",,"83203"
"210",Kommune,774b068a-acd2-4a85-9543-333ffaa70855,https://data.geonorge.no/sosi/administrativeenheter,"4.2",,"20200207000000",,,"1120",,"96948"
"211",Kommune,32b7a1d8-b69c-4fe9-b2e1-faef314947cd,https://data.geonorge.no/sosi/administrativeenheter,"4.2",,"20200207000000",,,"1875",,"65922"
"212",Kommune,2fc1366b-c2f5-45d5-a453-824adcc41d07,https://data.geonorge.no/sosi/administrativeenheter,"4.2",,"20200207000000",,,"5022",,"60711"
"213",Kommune,0134921c-0ff3-4188-bc05-acfdb5f313a5,https://data.geonorge.no/sosi/administrativeenheter,"4.2",,"20200207000000",,,"5053",,"39145"
"214",Kommune,cefd118d-0c98-483d-a9a4-965b0996c479,https://data.geonorge.no/sosi/administrativeenheter,"4.2",,"20200207000000",,,"1563",,"97503"
"215",Kommune,4cfc3ece-65b6-4c17-adde-b3bede393630,https://data.geonorge.no/sosi/administrativeenheter,"4.2",,"20200207000000",,,"5021",,"126587"
"216",Kommune,b6c5a7ed-eb81-4e9d-81b3-a09b2393bed3,https://data.geonorge.no/sosi/administrativeenheter,"4.2",,"20200207000000",,,"1119",,"50924"
"217",Kommune,b74c8d85-746e-4b76-a925-fc8d98f46a76,https://data.geonorge.no/sosi/administrativeenheter,"4.2",,"20200207000000",,,"1868",,"89235"
"218",Kommune,ff08a39d-37f4-4543-b0f7-64d45dc88323,https://data.geonorge.no/sosi/administrativeenheter,"4.2",,"20000630000000",,,"3046",,"92779"
"219",Kommune,64df1997-a4cd-446e-a1bc-d36f24fa554f,https://data.geonorge.no/sosi/administrativeenheter,"4.2",,"20170103000000",,,"5426",,"45466"
"220",Kommune,8b023c74-4db4-48f9-8a5c-a3124c75da14,https://data.geonorge.no/sosi/administrativeenheter,"4.2",,"20200207000000",,,"4219",,"177723"
"221",Kommune,911b4d14-99b3-46e1-94a8-62bf2e07c4ab,https://data.geonorge.no/sosi/administrativeenheter,"4.2",,"20200207000000",,,"5007",,"121858"
"222",Kommune,837791de-4014-4e8a-a3de-ac2044befe2c,https://data.geonorge.no/sosi/administrativeenheter,"4.2",,"20200917000000",,,"1103",,"91836"
"223",Kommune,48e19a67-f1f2-44f2-9f3d-9227a699776f,https://data.geonorge.no/sosi/administrativeenheter,"4.2",,"20190304000000",,,"1506",,"106902"
"224",Kommune,efe40656-9764-4926-ac55-d04d4665f3ef,https://data.geonorge.no/sosi/administrativeenheter,"4.2",,"20190318000000",,,"1507",,"115633"
"225",Kommune,62e7e196-7c17-4a39-b979-412249ead977,https://data.geonorge.no/sosi/administrativeenheter,"4.2",,"20190304000000",,,"5055",,"77361"
"226",Kommune,1c5f2a65-7542-4701-8679-dd0431ed6a94,https://data.geonorge.no/sosi/administrativeenheter,"4.2",,"20190301000000",,,"4205",,"86564"
"227",Kommune,59dd3930-9f65-49b2-9a3a-3d6c4c03a83b,https://data.geonorge.no/sosi/administrativeenheter,"4.2",,"20200207000000",,,"5428",,"99292"
"228",Kommune,68e7bac8-f3ff-4cca-b98b-4e69782d6a2d,https://data.geonorge.no/sosi/administrativeenheter,"4.2",,"20200207000000",,,"1827",,"73473"
"229",Kommune,926f576c-0db6-4b98-805f-2932ba914baf,https://data.geonorge.no/sosi/administrativeenheter,"4.2",,"20200207000000",,,"3811",,"74606"
"230",Kommune,41b31bfc-b149-4d47-afe7-83190cd1f2bf,https://data.geonorge.no/sosi/administrativeenheter,"4.2",,"20200207000000",,,"1539",,"89619"
"231",Kommune,18a50d4c-a5ab-47ae-bf7d-54391c67637d,https://data.geonorge.no/sosi/administrativeenheter,"4.2",,"20200207000000",,,"3453",,"116300"
"232",Kommune,85253364-c56c-4140-bd1e-fd77ad3474d5,https://data.geonorge.no/sosi/administrativeenheter,"4.2",,"20200207000000",,,"4207",,"77529"
"233",Kommune,324a56a6-94b2-4511-aa96-f2a4bbd6fc22,https://data.geonorge.no/sosi/administrativeenheter,"4.2",,"20200207000000",,,"5435",,"95186"
"234",Kommune,9d7b1475-dfc8-46ad-b70a-f722278f78dc,https://data.geonorge.no/sosi/administrativeenheter,"4.2",,"20200207000000",,,"5405",,"101252"
"235",Kommune,d4f05891-b2e5-486d-952e-a4f45c994732,https://data.geonorge.no/sosi/administrativeenheter,"4.2",,"20190301000000",,,"3802",,"90325"
"236",Kommune,50f079ae-e2a0-4283-8985-e5c1c247b110,https://data.geonorge.no/sosi/administrativeenheter,"4.2",,"20190301000000",,,"3803",,"131182"
"237",Kommune,f19e7d46-1a86-4cbb-b262-3fdfeb7a31ab,https://data.geonorge.no/sosi/administrativeenheter,"4.2",,"20190222000000",,,"3014",,"81005"
"238",Kommune,ee718989-7390-42d1-96fd-29b5e2615439,https://data.geonorge.no/sosi/administrativeenheter,"4.2",,"20200207000000",,,"4203",,"125022"
"239",Kommune,9a0f1628-27c8-4a16-8f6b-506f3d3c6620,https://data.geonorge.no/sosi/administrativeenheter,"4.2",,"20200207000000",,,"1865",,"114745"
"240",Kommune,940e4992-3450-4448-97b7-ff992b2950fa,https://data.geonorge.no/sosi/administrativeenheter,"4.2",,"20200207000000",,,"1106",,"141073"
"241",Kommune,0ed5809d-d04a-45cf-b3ba-04998790444e,https://data.geonorge.no/sosi/administrativeenheter,"4.2",,"20200207000000",,,"4639",,"77455"
"242",Kommune,63b2a030-fa63-4355-b563-706279f9c240,https://data.geonorge.no/sosi/administrativeenheter,"4.2",,"20190304000000",,,"5059",,"105054"
"243",Kommune,92691e1b-3b86-40ad-851e-f3899f43508e,https://data.geonorge.no/sosi/administrativeenheter,"4.2",,"20190304000000",,,"1578",,"76959"
"244",Kommune,41bd2013-db58-4f41-ba1e-d47a61c39088,https://data.geonorge.no/sosi/administrativeenheter,"4.2",,"20190304000000",,,"1108",,"111717"
"245",Kommune,6275c2e1-b61c-4ad6-8322-a043201c9820,https://data.geonorge.no/sosi/administrativeenheter,"4.2",,"20190304000000",,,"5057",,"87837"
"246",Kommune,46f06c02-ffdb-482f-b1c1-3b0ca7282eca,https://data.geonorge.no/sosi/administrativeenheter,"4.2",,"20190301000000",,,"4647",,"121122"
"247",Kommune,87eebee0-8d8d-4e4a-88d3-99170ede0bf2,https://data.geonorge.no/sosi/administrativeenheter,"4.2",,"20200207000000",,,"1870",,"147347"
"248",Kommune,92e7f845-3aa8-4438-aded-734347959e15,https://data.geonorge.no/sosi/administrativeenheter,"4.2",,"20200207000000",,,"1557",,"36936"
"249",Kommune,fcdbda7d-52e8-4075-b100-5f35c56a9439,https://data.geonorge.no/sosi/administrativeenheter,"4.2",,"20200207000000",,,"4611",,"95797"
"250",Kommune,2a9247bd-d002-420e-93f2-dd7dddc3bb59,https://data.geonorge.no/sosi/administrativeenheter,"4.2",,"20200207000000",,,"1866",,"67734"
"251",Kommune,a7321f05-33bb-4df6-99e2-0787142b8e83,https://data.geonorge.no/sosi/administrativeenheter,"4.2",,"20200207000000",,,"1149",,"90352"
"252",Kommune,607b4a39-83e8-407c-8e38-fffb0f3c288b,https://data.geonorge.no/sosi/administrativeenheter,"4.2",,"20200207000000",,,"1857",,"53275"
"253",Kommune,2f105ea7-e1dc-48e5-af76-09dbb920db0d,https://data.geonorge.no/sosi/administrativeenheter,"4.2",,"20200207000000",,,"5401",,"106131"
"254",Kommune,4c57eb86-6eb4-424d-9909-3473ac61918d,https://data.geonorge.no/sosi/administrativeenheter,"4.2",,"20000630000000",,,"3049",,"125895"
"255",Kommune,1765b21a-d1ef-48b5-88c4-b0bc1742f123,https://data.geonorge.no/sosi/administrativeenheter,"4.2",,"20000630000000",,,"3047",,"76315"
"256",Kommune,5feb1d14-3304-4366-a03b-3113d40ff962,https://data.geonorge.no/sosi/administrativeenheter,"4.2",,"20200207000000",,,"3413",,"54994"
"257",Kommune,28acd8cd-ec05-4746-92cc-4aeee880239b,https://data.geonorge.no/sosi/administrativeenheter,"4.2",,"20200207000000",,,"3443",,"67198"
"258",Kommune,303d1b06-2b89-4688-ae96-85a61b00985f,https://data.geonorge.no/sosi/administrativeenheter,"4.2",,"20190222000000",,,"3002",,"118091"
"259",Kommune,f24feed6-3165-4023-abc7-de6b844810a6,https://data.geonorge.no/sosi/administrativeenheter,"4.2",,"20200207000000",,,"3436",,"129087"
"260",Kommune,75c667c6-5e04-48ed-9bfe-1da57bf18390,https://data.geonorge.no/sosi/administrativeenheter,"4.2",,"20200207000000",,,"3448",,"102711"
"261",Kommune,73c8e158-0d23-4143-9024-9aa56c24c31c,https://data.geonorge.no/sosi/administrativeenheter,"4.2",,"20200207000000",,,"3427",,"135971"
"262",Kommune,29818c5a-4baa-4ca9-98a5-8b78ab00877a,https://data.geonorge.no/sosi/administrativeenheter,"4.2",,"20200207000000",,,"5439",,"69069"
"263",Kommune,617485c7-dd5e-42b7-9888-e94513444835,https://data.geonorge.no/sosi/administrativeenheter,"4.2",,"20200207000000",,,"1514",,"30364"
"264",Kommune,42b6831f-ee82-4c75-9d14-1d49ff1e1de1,https://data.geonorge.no/sosi/administrativeenheter,"4.2",,"20070103000000",,,"5432",,"62273"
"265",Kommune,38b30a93-d01a-4939-8aa5-9190ced93162,https://data.geonorge.no/sosi/administrativeenheter,"4.2",,"20000630000000",,,"3814",,"106570"
"266",Kommune,b80d311a-3d78-457f-bb5c-0e023679b13a,https://data.geonorge.no/sosi/administrativeenheter,"4.2",,"20190301000000",,,"4225",,"158141"
"267",Kommune,6ca26978-f7bf-4582-91a3-d09bb73f71e3,https://data.geonorge.no/sosi/administrativeenheter,"4.2",,"20190301000000",,,"3817",,"139668"
"268",Kommune,6a3369f7-2b15-4719-bf18-6ce46e416d80,https://data.geonorge.no/sosi/administrativeenheter,"4.2",,"20190304000000",,,"1806",,"97149"
"269",Kommune,4bc90772-e7f1-4511-ab57-566117d456cf,https://data.geonorge.no/sosi/administrativeenheter,"4.2",,"20190301000000",,,"4602",,"91661"
"270",Kommune,778bf04f-6b8c-4c43-8c9d-de7f6777635b,https://data.geonorge.no/sosi/administrativeenheter,"4.2",,"20190304000000",,,"5406",,"97396"
"271",Kommune,7ae4b5f6-2220-47aa-b746-27e822396a5a,https://data.geonorge.no/sosi/administrativeenheter,"4.2",,"20190304000000",,,"1577",,"100267"
"272",Kommune,383eb054-bb62-4e65-8707-28f905a2d995,https://data.geonorge.no/sosi/administrativeenheter,"4.2",,"20200108000000",,,"5412",,"63136"
"273",Kommune,543ac82b-d449-4fbe-bd93-8eaf7e16ef8c,https://data.geonorge.no/sosi/administrativeenheter,"4.2",,"20190301000000",,,"4624",,"82920"
"274",Kommune,468e68cb-c1f3-4bf8-bb58-23ef6d0aab9e,https://data.geonorge.no/sosi/administrativeenheter,"4.2",,"20200207000000",,,"5444",,"106524"
"275",Kommune,5e2d6b0d-ad7d-4de9-88ff-f57f591aaef8,https://data.geonorge.no/sosi/administrativeenheter,"4.2",,"20200207000000",,,"4651",,"100362"
"276",Kommune,d73265d8-64ac-4a5c-804f-f2e727d748d6,https://data.geonorge.no/sosi/administrativeenheter,"4.2",,"20190304000000",,,"1579",,"61520"
"277",Kommune,fc39e78f-5259-4503-be78-1ced36f9d057,https://data.geonorge.no/sosi/administrativeenheter,"4.2",,"20060101000000",,,"1160",,"65443"
"278",Kommune,a928078f-8e99-4f8f-9c17-02ecc41364eb,https://data.geonorge.no/sosi/administrativeenheter,"4.2",,"20200207000000",,,"5429",,"65723"
"279",Kommune,c1c3768f-f923-4e6a-b0d1-8b4459baee61,https://data.geonorge.no/sosi/administrativeenheter,"4.2",,"20200207000000",,,"1511",,"73689"
"280",Kommune,75299d27-bbbd-4e35-89ce-a22f906be1a9,https://data.geonorge.no/sosi/administrativeenheter,"4.2",,"20200207000000",,,"4632",,"92619"
"281",Kommune,bc30051b-5209-4be5-b1fa-4bd6d17cf477,https://data.geonorge.no/sosi/administrativeenheter,"4.2",,"20200207000000",,,"5414",,"33010"
"282",Kommune,6373f185-3ea5-4843-96cf-90c46ae7d8fe,https://data.geonorge.no/sosi/administrativeenheter,"4.2",,"20200207000000",,,"1820",,"128822"
"283",Kommune,c55aac2c-1107-4ed4-b107-0abf90c820db,https://data.geonorge.no/sosi/administrativeenheter,"4.2",,"20200207000000",,,"5403",,"115485"
"284",Kommune,3a7a9b3e-a6a9-4ef7-bc4e-0f1083a8de1a,https://data.geonorge.no/sosi/administrativeenheter,"4.2",,"20200207000000",,,"5416",,"68710"
"285",Kommune,582a15e4-d853-4501-8d37-057432110a8d,https://data.geonorge.no/sosi/administrativeenheter,"4.2",,"20200207000000",,,"4644",,"53008"
"286",Kommune,7f607a8b-adf6-4512-9f75-2c2a95a9ee8f,https://data.geonorge.no/sosi/administrativeenheter,"4.2",,"20200207000000",,,"1824",,"109859"
"287",Kommune,148308fc-f444-442d-8617-b4f3b7d51892,https://data.geonorge.no/sosi/administrativeenheter,"4.2",,"20200207000000",,,"5438",,"88803"
"288",Kommune,8fb10503-5db3-4a0d-899d-a26c776c194e,https://data.geonorge.no/sosi/administrativeenheter,"4.2",,"20200207000000",,,"1566",,"109858"
"289",Kommune,312ece6e-6f7a-4c85-94bc-a529b5bdc24d,https://data.geonorge.no/sosi/administrativeenheter,"4.2",,"20200207000000",,,"5032",,"61235"
"290",Kommune,a3652f85-96d3-42cf-a8e5-aae2c889f330,https://data.geonorge.no/sosi/administrativeenheter,"4.2",,"20200207000000",,,"5038",,"79168"
"291",Kommune,fb0a6748-d430-428f-9a0b-c2c3b63f6789,https://data.geonorge.no/sosi/administrativeenheter,"4.2",,"20200207000000",,,"5402",,"114797"
"292",Kommune,c78c38f7-7090-45ba-8ec5-7f642bc86fc1,https://data.geonorge.no/sosi/administrativeenheter,"4.2",,"20200207000000",,,"5425",,"28482"
"293",Kommune,20f6d491-f96b-413f-bb5e-cd0a2b92b69f,https://data.geonorge.no/sosi/administrativeenheter,"4.2",,"20200207000000",,,"5029",,"33653"
"294",Kommune,1a028be5-a934-4aed-a178-2b87a8f7c945,https://data.geonorge.no/sosi/administrativeenheter,"4.2",,"20200207000000",,,"5036",,"63266"
"295",Kommune,f1b48c72-2140-4129-b2d3-b2f857651f3d,https://data.geonorge.no/sosi/administrativeenheter,"4.2",,"20200207000000",,,"4629",,"35652"
"296",Kommune,4cf12380-708e-4879-b161-8d09ae2bfda3,https://data.geonorge.no/sosi/administrativeenheter,"4.2",,"20211115000000",,,"1853",,"34011"
"297",Kommune,6de61215-35a5-49a9-b71b-32223dff8843,https://data.geonorge.no/sosi/administrativeenheter,"4.2",,"20200207000000",,,"3805",,"90313"
"298",Kommune,ecbd9c3f-4780-4581-92a6-21d443226bac,https://data.geonorge.no/sosi/administrativeenheter,"4.2",,"20200207000000",,,"5436",,"108674"
"299",Kommune,c7da53d0-cd0f-416c-92fb-fb15d796a9b5,https://data.geonorge.no/sosi/administrativeenheter,"4.2",,"20200207000000",,,"5430",,"48716"
"300",Kommune,b8774162-90dd-4039-acb2-a4a6db46fcbc,https://data.geonorge.no/sosi/administrativeenheter,"4.2",,"20190301000000",,,"4626",,"82798"
"301",Kommune,35b9a8e2-32dc-4301-a739-d290d69ea19c,https://data.geonorge.no/sosi/administrativeenheter,"4.2",,"20200207000000",,,"1573",,"100696"
"302",Kommune,221267b1-71d7-4d04-ba93-f667ceda7152,https://data.geonorge.no/sosi/administrativeenheter,"4.2",,"20200207000000",,,"1815",,"79107"
"303",Kommune,ac286f86-e44c-40d1-b26f-fc83a2501dc1,https://data.geonorge.no/sosi/administrativeenheter,"4.2",,"20200207000000",,,"1835",,"58410"
"304",Kommune,bdab5901-1ded-42b7-9144-0247aab8993e,https://data.geonorge.no/sosi/administrativeenheter,"4.2",,"20000630000000",,,"3816",,"59087"
"305",Kommune,a458efe0-b6bf-420c-9c13-5200e0a93adb,https://data.geonorge.no/sosi/administrativeenheter,"4.2",,"20200207000000",,,"1859",,"39947"
"306",Kommune,e294e1ca-10fc-471e-885f-27fc5e027620,https://data.geonorge.no/sosi/administrativeenheter,"4.2",,"20200207000000",,,"5424",,"65221"
"307",Kommune,f410cc5f-ea29-466d-9c55-63238967adcc,https://data.geonorge.no/sosi/administrativeenheter,"4.2",,"20200207000000",,,"5440",,"66078"
"308",Kommune,afbc50e6-bb92-4bb4-bcdb-fc83e1e7e444,https://data.geonorge.no/sosi/administrativeenheter,"4.2",,"20200207000000",,,"5433",,"58756"
"309",Kommune,d60c476a-7e36-4675-8ef5-218cf8c0e3d0,https://data.geonorge.no/sosi/administrativeenheter,"4.2",,"20200207000000",,,"1554",,"66917"
"310",Kommune,f683728d-d5e1-49f3-80d4-23f2f0c9e61f,https://data.geonorge.no/sosi/administrativeenheter,"4.2",,"20200207000000",,,"5044",,"45071"
"311",Kommune,91b6bbc7-e889-43cc-85ac-f6a2b9b47d39,https://data.geonorge.no/sosi/administrativeenheter,"4.2",,"20200207000000",,,"5037",,"84834"
"312",Kommune,7b69ba4e-a8c8-4013-8aa5-751f0f1d176c,https://data.geonorge.no/sosi/administrativeenheter,"4.2",,"20200207000000",,,"5056",,"100701"
"313",Kommune,d6e4101e-5c40-40e5-b7b3-1e3c00af3d4b,https://data.geonorge.no/sosi/administrativeenheter,"4.2",,"20200207000000",,,"4628",,"47771"
"314",Kommune,98ba7f4f-4600-4702-b96a-54fb34d8ab6e,https://data.geonorge.no/sosi/administrativeenheter,"4.2",,"20200207000000",,,"1839",,"47826"
"315",Kommune,cff75a78-ffd4-4148-b59e-a1e4e87f6819,https://data.geonorge.no/sosi/administrativeenheter,"4.2",,"20200207000000",,,"5420",,"28516"
"316",Kommune,98f11f45-4ebe-4e54-9dd5-cb9bebf81cda,https://data.geonorge.no/sosi/administrativeenheter,"4.2",,"20200207000000",,,"1828",,"46254"
"317",Kommune,6f5440e1-0690-4c54-82b5-568b397dd87b,https://data.geonorge.no/sosi/administrativeenheter,"4.2",,"20200207000000",,,"1151",,"71703"
"318",Kommune,d509d684-84c1-4fdb-a2c4-639dbd55df9e,https://data.geonorge.no/sosi/administrativeenheter,"4.2",,"20200207000000",,,"1811",,"50807"
"319",Kommune,886dd687-f7a3-448d-99b5-783b741646cb,https://data.geonorge.no/sosi/administrativeenheter,"4.2",,"20000630000000",,,"3807",,"101798"
"320",Kommune,53c0ceb8-8279-4de2-af36-16c11c871485,https://data.geonorge.no/sosi/administrativeenheter,"4.2",,"20200207000000",,,"3022",,"90870"
"321",Kommune,74273193-b926-40e1-959e-e02c3942dc81,https://data.geonorge.no/sosi/administrativeenheter,"4.2",,"20200207000000",,,"3021",,"133861"
"322",Kommune,c7613671-a3c0-4a17-9f42-8450ce7b0df4,https://data.geonorge.no/sosi/administrativeenheter,"4.2",,"20200207000000",,,"5026",,"50549"
"323",Kommune,75642bdd-fd9e-45d9-b9f2-f47432738fed,https://data.geonorge.no/sosi/administrativeenheter,"4.2",,"20200207000000",,,"1516",,"118331"
"324",Kommune,8151c0e9-5926-44dc-93d4-8a47144c0d1f,https://data.geonorge.no/sosi/administrativeenheter,"4.2",,"20200207000000",,,"5404",,"72857"
"325",Kommune,adf34999-9830-4695-a2bd-8eadb7cb0043,https://data.geonorge.no/sosi/administrativeenheter,"4.2",,"20200207000000",,,"4625",,"86642"
"326",Kommune,23c8a246-2a22-4217-bc32-519e97b45f00,https://data.geonorge.no/sosi/administrativeenheter,"4.2",,"20000630000000",,,"3040",,"109383"
"327",Kommune,1f772d03-781f-41ba-9532-348fec03cd17,https://data.geonorge.no/sosi/administrativeenheter,"4.2",,"20190301000000",,,"3030",,"116207"
"328",Kommune,a1c460d1-b050-4c59-b309-eb5cdc8de2ff,https://data.geonorge.no/sosi/administrativeenheter,"4.2",,"20200207000000",,,"3037",,"45825"
"329",Kommune,e5e35a7f-53c6-4ef4-b5b1-38796d9f00d8,https://data.geonorge.no/sosi/administrativeenheter,"4.2",,"20200207000000",,,"4215",,"127509"
"330",Kommune,d0b3686c-fad0-45d4-bc87-c3c5528ee601,https://data.geonorge.no/sosi/administrativeenheter,"4.2",,"20190225000000",,,"3026",,"68673"
"331",Kommune,ea20afc9-b122-4996-b5ec-291a8cf8a879,https://data.geonorge.no/sosi/administrativeenheter,"4.2",,"20200207000000",,,"3017",,"61111"
"332",Kommune,9c2dca34-8f37-4a68-91bf-5983c18b40a3,https://data.geonorge.no/sosi/administrativeenheter,"4.2",,"20200207000000",,,"3034",,"56660"
"333",Kommune,d844ccd3-0f28-4dd8-9c7a-7c6d71a46123,https://data.geonorge.no/sosi/administrativeenheter,"4.2",,"20200207000000",,,"3411",,"110447"
"334",Kommune,58e7c80f-b9c2-43f6-99b7-4a0ac3eb923b,https://data.geonorge.no/sosi/administrativeenheter,"4.2",,"20200207000000",,,"4220",,"31605"
"335",Kommune,7ab6dfbf-b403-402b-9a3c-8e9cdf3410e0,https://data.geonorge.no/sosi/administrativeenheter,"4.2",,"20200207000000",,,"3447",,"44842"
"336",Kommune,d83142aa-d004-4a60-86fb-6291b233c2ec,https://data.geonorge.no/sosi/administrativeenheter,"4.2",,"20000630000000",,,"3815",,"78323"
"337",Kommune,123e97ca-43df-4b98-9244-1bf9c98c8076,https://data.geonorge.no/sosi/administrativeenheter,"4.2",,"20000630000000",,,"3816",,"59087"
"338",Kommune,95d47c84-7d5c-4ad6-b05c-3f2e3ec80f82,https://data.geonorge.no/sosi/administrativeenheter,"4.2",,"20200207000000",,,"3423",,"79286"
"339",Kommune,6815741a-a3c3-4011-81a8-97d861af91ee,https://data.geonorge.no/sosi/administrativeenheter,"4.2",,"20200207000000",,,"3422",,"95232"
"340",Kommune,9ac00bfb-2139-44b7-9089-ff48b1acf1ac,https://data.geonorge.no/sosi/administrativeenheter,"4.2",,"20000630000000",,,"3006",,"93838"
"341",Kommune,16d03e0c-78cc-4dbc-aedb-03962284d27e,https://data.geonorge.no/sosi/administrativeenheter,"4.2",,"20200207000000",,,"3027",,"30611"
"342",Kommune,0d7b8902-b8a3-4e1e-a9fc-df5b2733c617,https://data.geonorge.no/sosi/administrativeenheter,"4.2",,"20200207000000",,,"3011",,"139220"
"343",Kommune,9667a7b5-c49d-40fa-9826-25323e7aa30d,https://data.geonorge.no/sosi/administrativeenheter,"4.2",,"20050614000000",,,"3023",,"63991"
"344",Kommune,f4cc75d3-031e-48c7-ba78-66df9002c07a,https://data.geonorge.no/sosi/administrativeenheter,"4.2",,"20000630000000",,,"3038",,"48184"
"345",Kommune,ce0fae43-1f8d-4da4-97b4-4a4961e923c0,https://data.geonorge.no/sosi/administrativeenheter,"4.2",,"20200207000000",,,"3003",,"90914"
"346",Kommune,f5284a4c-bf96-4050-bb44-ed9c2cbe94be,https://data.geonorge.no/sosi/administrativeenheter,"4.2",,"20200207000000",,,"3451",,"213252"
"347",Kommune,76f0d01d-8f55-4360-b240-952bb85dddff,https://data.geonorge.no/sosi/administrativeenheter,"4.2",,"20200207000000",,,"4221",,"76973"
"348",Kommune,30769506-ab4d-4a00-ab02-2eb28bfb5a90,https://data.geonorge.no/sosi/administrativeenheter,"4.2",,"20200207000000",,,"4222",,"166062"
"349",Kommune,1b838adc-5167-4b55-a773-fadbadee84b2,https://data.geonorge.no/sosi/administrativeenheter,"4.2",,"20030701000000",,,"3401",,"101807"
"350",Kommune,04640fc1-a9a2-449a-b5b7-0dc8ea50dd32,https://data.geonorge.no/sosi/administrativeenheter,"4.2",,"20200207000000",,,"4226",,"36246"
"351",Kommune,3e0e7fb7-a067-4e5c-be22-ad58c7124d63,https://data.geonorge.no/sosi/administrativeenheter,"4.2",,"20200207000000",,,"3012",,"25220"
"352",Kommune,39eabef1-5fa1-408b-b011-2e233713c784,https://data.geonorge.no/sosi/administrativeenheter,"4.2",,"20200207000000",,,"3036",,"45933"
"353",Kommune,9948d9bd-c661-41d0-b47e-cb077fe231b9,https://data.geonorge.no/sosi/administrativeenheter,"4.2",,"20200207000000",,,"3015",,"42809"
"354",Kommune,1e84e1f2-4a95-4d04-9651-c68318d93127,https://data.geonorge.no/sosi/administrativeenheter,"4.2",,"20200207000000",,,"3004",,"103641"
"355",Kommune,6c179cd5-1d65-45df-b522-99168b93a84e,https://data.geonorge.no/sosi/administrativeenheter,"4.2",,"20200207000000",,,"3446",,"100128"
"356",Kommune,12ddd70c-6a04-4194-804d-85ca51457dc6,https://data.geonorge.no/sosi/administrativeenheter,"4.2",,"20200207000000",,,"3434",,"113223"
"357",Kommune,ff289cbb-14c8-4c74-8a31-896b2c175667,https://data.geonorge.no/sosi/administrativeenheter,"4.2",,"20200207000000",,,"3421",,"139629"
"358",Kommune,9f5a089b-9f44-44d9-926c-96e03732e7ef,https://data.geonorge.no/sosi/administrativeenheter,"4.2",,"20030630000000",,,"3018",,"17366"
"359",Kommune,17b84acb-5f26-45ee-a0aa-728a32c95f84,https://data.geonorge.no/sosi/administrativeenheter,"4.2",,"20200207000000",,,"3433",,"62855"
"360",Kommune,37f9dcca-d06d-41a0-b8e3-13fdfd94c854,https://data.geonorge.no/sosi/administrativeenheter,"4.2",,"20200207000000",,,"3022",,"90870"
"361",Kommune,b54ccf70-e272-4151-9700-7f80ce70cb38,https://data.geonorge.no/sosi/administrativeenheter,"4.2",,"20000630000000",,,"3813",,"116668"
"362",Kommune,a6d3e1db-c015-4f66-9913-eafb3cb277d5,https://data.geonorge.no/sosi/administrativeenheter,"4.2",,"20200207000000",,,"3001",,"97791"
"363",Kommune,837c552b-3a67-43ce-9d5d-5908397f3f74,https://data.geonorge.no/sosi/administrativeenheter,"4.2",,"20000630000000",,,"3812",,"31726"
